﻿<?xml version="1.0" encoding="utf-8" ?>
<tei.2>
<teiHeader id="S04">
<fileDesc>
<titleStmt>
<title> سلسلة النسيان </title>
<author> سعاد الخليفة </author>
<respStmt><resp>compiled by</resp>
<name>Latifa Al-Sulaiti</name></respStmt>
</titleStmt>
<publicationStmt>
<publisher> Bahrain Press </publisher>
<pubPlace> Bahrain </pubPlace>
<date>2001</date>
</publicationStmt>
<sourceDesc>
<p>created in machine-readable form in Http://www.ArabicStory.net</p>
</sourceDesc>
</fileDesc>
<encodingDesc>
<projectDesc>
<p>Texts collected for use in the
    Corpus of Contemporary Arabic project, June, 2003</p>
</projectDesc>
<samplingDecl>
<p>Whole text of 1908 words copied from the site</p>
</samplingDecl>
</encodingDesc>
<profileDesc>
<creation>
<date value="1992-08">August 1992</date>
<rs type="city">Manaama, Bahrain</rs>
</creation>
<langUsage>Arabic</langUsage>
<textClass>
<textDesc n="novel">
<channel mode="w">print; written</channel>
<constitution type="single"/>
<derivation type="original"/>
<domain type="art"/>
<factuality type="fiction"/>
<interaction type="none"/>
<preparedness type="spontaneous"/>
</textDesc>
<particDesc>
<person id="P1" sex="F" age="mid">
<birth date="1944-01-12">
<date>12 Jan 1944</date>
<name type="place">Manaama, Bahrain</name>
<nationality>=Bahraini</nationality>
</birth>
<firstLang>Arabic</firstLang>
<langKnown>Unknown</langKnown>
<residence>Long term resident of Bahrain</residence>
<education>University postgraduate</education>
<occupation>Unknown</occupation>
</person>
</particDesc>
</textClass>
</profileDesc>
</teiHeader>
<text>
<body>

<p>نزل السلَّم بخطى ثقيلة واتجه ناحية الجنوب من المبنى •• سيارته مركونة هناك منذ البارحة •• الساحة كبيرة تكتظ بعدد كبير من السيارات •• إنه يتذكر بأنه قد أوقفها بين سيارتين : مايكروباص وسيارة يابانية بيضاء •• لكنه حين وصل عند صف طويل من السيارات لم يكتشفها ، ولم يتمكن من الاهتداء إلى أي علامة تدلُّه بسرعة إلى موقع سيارته •• فاضطر إلى أن يطوف بأربعة صفوف من السيارات إلى أن عثر عليها منزوية خلف ناقلة •• لم ينزعج فربما كان متوهماً •• وربما تغيرت مواقع بعض السيارات •• اقترب من السيارة وبحث في جيبه عن مفتاحها فلم يجده •• أخذ يتحسس جيوبه كلَها فظن أنه قد وقع من يده وهو يبحث عن السيارة •• أيقن بذلك واضطر لأن يطوف ثانية نفس الطريق أمام أربعة صفوف لعشرات من السيارات في هذا الموقف الكبير •• وعندما أيقن بأن لا أثر للمفتاح وقف يلتقط أنفاسه : - من المؤكد أني نسيت المفتاح في الشقة •• فربما لم آخذه معي •• وأخذ يتذكر بهدوء •• حاول أن يفعل ذلك ويسترجع خطواته قبل أن ينزل سلم العمارة من الطابق الرابع •• استدرج نفسه مع هذا التفكير •• وأحس بشيء ثقيل •• شيء من الكآبة يغوص في صدره •• هل يعود ثانية لصعود الطوابق الأربعة من أجل لحظة نسيان غبية ؟•• وهل سيظل هكذا •• ينسى المفتاح مرة ، والملف مرة ، والهاتف النقال مرة أخرى!!•• في كل مرة لا يسلم من تلك اللحظات التي ينسى فيها أمراً ينبغي أن يتذكره باهتمام وعناية •• استند بظهره على سيارته •• وتقلَّصت ملامحه •• وأخذ يتمتم بكلمات تلعن الحياة •• والدور الرابع •• والسيارة •• والذاكرة الموشومة بالنسيان •• لماذا يحدُث له كل ذلك بشكل يومي؟•• ما المهمات الضخمة التي تشغله إلى درجة أنه لا بد أن يتكرر له موقف النسيان إلى هذا الحد ؟!•• - هل أستطيع أن أفكر بطريقة جديدة تخلِّصني من مثل هذه المواقف؟، وهل يكفي أن أعتمد على التفكير بمنطقية شديدة في علاقتي مع جميع الأشياء ! •• ينبغي عليّ الاّ أنسى مرة ثانية •• ينبغي أن أرتّب أفكاري وأحصر الأشياء التي سأذهب إليها أو من أجلها •• هكذا قرَّر مع نفسه وآل على الاّ ينسى بالفعل •• وخطى نحو المبنى وبدأ يصعد السلم بخطوات ثقيلة وهادئة •• ويحاول أن يتذكر مع كل خطوة ماذا عليه أن يفعل حين يصل إلى الشقة •• ماذا عليه أن يأخذ ؟•• وكيف يمكن له أن يقاوم هذا النسيان ؟•• هل ينظّم حياته ؟•• إنه منظّم بالفعل •• بل هو موظف إداري ناجح •• وقد أثنى عليه مديره مرات عديدة •• ولم يلاحظ عليه إهمالاً أو نسياناً •• هناك أشياء ينبغي أن يربطها ببعضها البعض كي لا ينسى منها شيئاً •• فالحياة كالسلسلة المتواصلة من الحلقات •• الشقة تقود إلى السيارة •• والسيارة تقود إلى العمل •• والعمل يقود إلى التعب •• والتعب يقود إلى الشقة •• والملل يقود إلى النوم أو إلى الشارع •• وإلى المقاهي وخاصة مقهى البحار الأربعة •• والأبواب تقود إلى أبواب •• نعم باب الشقة يقود إلى باب السيارة •• إذن مفتاح الشقة ينبغي أن يكون في ذات الميدالية الخاصة بالسيارة •• هذا يحتم عليّ ألاّ أنسى مفتاح السيارة ثانية •• لماذا غابت عني مثل هذه الفكرة •• إنها حلٌّ جذري لهذا المشهد التعس الذي أنا عليه الآن •• أوقفته هذه الفكرة فأخرج مفتاح الشقة وعلّقه في إصبعه وراح يحدّث نفسه : - لن أنسى مفتاح السيارة طالما هو مع هذا المفتاح •• كل الأشياء ترتبط ببعضها •• حين نفصلها نكون معرضين للنسيان بدون شك •• هكذا تجري أمور الحياة •• وبهذا الشكل لن أعترف بالنسيان في حياتي أبداً •• تغيَّر إحساسه المكفهر ونسى اللحظات السابقة التي فكَّر فيها •• وفي لحظات تفكيره تلك لم يشعر بالمسافة التي قطعها على السلم فتقدم بخطى واثقة نحو باب الشقة وحاول أن يفتحه فلم يستطع •• حاول مرة ثانية وثالثة دون فائدة •• حدَّق في المفتاح جيداً لكن الباب لم ينفتح •• يئس وأعيته المحاولات •• وحين وقف متأملاً ما هو عليه مستغرباً•• انفتح باب الشقة وأطل منه رجل فقال له : - ماذا تفعل ؟ هل تريد شيئاً ؟•• - نعم ••لا••لا••كنتُ أحاول أن أفتح باب شقتي •• - شقتك !! هذه ليست شقتك •• أنت في الدور الرابع ونحن في الدور الثالث •• ألا تميّزبين رقم هذه الشقة </p>
<p>- 11 -</p>
<p>ورقم شقتك (13) يا ••••• نظر الرجل إليه بشيء من الرثاء فلم يكمل لهجته الساخرة بينما انغرزت نظراته عند قدميه من الخجل والاعتذار •• أراد أن يعتذر ، وإذا بالرجل يصفق بالباب في وجهه •• ظل متسمّراً مندهشاً •• وقال في نفسه : " - كيف ؟ هل يُعقل ؟ •• لقد كنتُ أحسب أنه باب شقتي •• وكنتُ أعد العتبات واحدة واحدة •• وكنتُ على يقين من أن كل الأشياء ترتبط ببعضها كالسلسلة •• مؤكد أن هناك خطأ •• إنه ليس خطئي •• خطأ الأبواب التي تقع بين الأبواب•• ينبغي أن أتذكر دوماً بأن هناك أشياء تقع بين الأشياء التي تقع بين بعضها البعض •• هناك أبواب أخرى•• هناك سلالم •• هناك مسافة تقع بين باب سيارتي وباب شقتي •• لا بأس إذن •• إنها غلطة عابرة في الطريق إلى ترتيب الأشياء والأمور المنفصلة عن بعضها كما تبدو لي في الظاهر •• كما أني انشغلت بربط المفاتيح مع بعضها •• الآن عليّ ألا أنسى بأني جئت إلى شقتي •• فقد نسيت مفتاح السيارة ، وعليّ أن أصعد سلالم قليلة وينتهي الأمر ••" </p>
<p>2 </p>
<p>صعد إلى الشقة وفتحها وبحث عن المفتاح فوجده في المطبخ•• لقد نسيه على المائدة وهو يضع وعاء الشاي على النار ، والآن تبخر منه الماء وكاد يحترق •• قبل أن يخرج من الشقة انشغل عنه •• تحدث في الهاتف طويلاً وتأخر في الخروج وأدركه الوقت فخرج مسرعاً •• وهو الآن يلتقط المفتاح ويخرج مسرعاً ويغلق الباب وينزل على السلالم محدثاً نفسه : "- حقاً إن الأشياء تقترن ببعضها •• لقد كنت أقول في نفسي منذ قليل بأن هناك شيء مَّا استدعى مني أن أنسى مفتاح السيارة وإلا فأنا لست متعوداً على النسيان •• أنا لم أتعود النسيان بالفعل •• هل هناك أخطر من أن أتعرض لحريق يلتهم هذه الشقة •• وربما العمارة كلها !•• ألا يدعو ذلك إلى نسيان أشياء تافهة وصغيرة كمفتاح السيارة •• إذن سأعتذر لنفسي وأعتبر أني لم أنسى المفتاح أساساً وإنما قد أكون نسيت الماء على النار •• ولولا الهاتف الذي شغلني لما كنت قد تأخرت أو نزلت مسرعاً من الشقة ••"• قال ذلك وهو يهبط منتشياً بالفعل •• سعيداً بما تكشفه لحظات النزول من اندفاع •• - ياه ما أسهل النزول •• ما أجمل العودة •• ردد ذلك وهو يقترب من السيارة •• ويفتح الباب ثم يشغّل محرّكها ••ويردد تلك العبارة وكأنه يغني: ما أسهل النزول •• ما أجمل العودة ما أسهل النزول •• ما أجمل العودة ولكن ما إن وضع إصبعه على زر تشغيل المكيّف حتى توقف في داخله شيء •• فتح الباب ونزل من السيارة ووقف متطلعاً إلى مبنى العمارة : " - يا إلهي لقد نسيتُ مكيفات الشقة مفتوحة •• هل أتركها وأذهب أم أعود ثانية إلى الشقة وأتأكد تماماً من أن كل المكيفات مغلقة؟!••الجو ليس حاراً بالشكل الذي يستدعي ترك مكيفين يشتغلان ساعات طويلة ولا أحد في الشقة •• من يدري •• يا إلهي •• لقد كنتُ أقول في نفسي وأنا في الشقة منذ قليل أن النسيان ينبه إلى الأشياء الخطيرة في اللحظة المناسبة •• كدتُ أخرج من الشقة وأتركها تمتلئ بالغاز وتنفجر لولا أني نسيتُ مفتاح السيارة •• اللعنة •• ما أبشع ما يمكن أن يحدث لولا أني نسيت المفتاح •• وما أبشع ما يمكن أن يحدث لولا أني نسيت المكيفات •• ينبغي أن أتخيل ما وراء الأشياء حتى أفهم لحظاتي المنسية •• سأصعد ثانية دون أن أشعر بالمرارة هذه المرة •• سأغلق المكيفات •• وسأراقب كل شيء •• لا بأس من التأخر قليلاً طالما سيؤدي ذلك إلى تجنب حادثة وربما كارثة •• من يدري ••" • كان ينظر إلى مبنى العمارة وكأنه ينظر إلى كائن بشري ضخم •• يتطلع إلى النافذة في شقته بالطابق الرابع ويقول في نفسه : " - ربما تركتها مفتوحة •• ربما تركتُ نفسي أيضاً •• أنا لستُ أنا •• لعلّي لازلت هناك في الطابق الرابع ••" • ابتسم في سخرية واتجه صوب المبنى •• لم يكن يسرع الخطى هذه المرة •• وضع يده على عمود في مقدمة المبنى وأخذ يتحسسه ويردّد في داخله : " - حتى المباني •• نعم حتى هذا المبنى ربما يضمر لك شيئاً•• ربما لا يريد أن تخرج منه •• ربما يطلب منك أن تحدثه وترثي له •• وأن تستتب بكل الأمور وتجعلها على ما يرام •• ستعود إلى الدور الرابع وأنت متعب في هذا الصباح•• العودة هذه المرة ممتعة •• ممتعة •• لكن الصعود متعب •• وبدنك قد لا يطيق ذلك •• ولكنك ها قد رأيت بنفسك •• ما يحدث في سيارتك يحدث في شقتك والعكس صحيح أيضاً •• عليك ألا تستبعد شيئاً على الإطلاق ••" • واصل صعوده إلى الدور الثاني والثالث وتوقف أمام الشقة رقم </p>
<p>- 11 -</p>
<p>وابتسم •• وتخيل ما حدث له قبل دقائق •• أحس بأن رأسه قد فرغ من كل شيء •• كأنه لم يعد يفكر في شيء•• إنه مقتنع هذه المرة بحتمية أن يصعد إلى الطابق الرابع وقد قرر أن يبعد رأسه عن زحمة الأفكار كي لا يكرر بعض المواقف السابقة •• اقتنع بأن التفكير المستقيم في الشيء يحتِّم عدم نسيانه أما الدوران بعيداً وإثارة التفاصيل البعيدة عنه فإنه لا يقود إلاَّ إلى التصرف بلا وعي •• وهو الآن يصعد السلالم من أجل أن يطمئن على إغلاق جميع المكيفات والنوافذ وأي شيء آخر يمكن أن يكون قد نسى التأكد منه •• فقط ذلك لا غير •• تراءى له باب الشقة •• واقترب منه لكن تلاشى إحساسه بالوصول إلى هذا الباب •• كأنه لم يبذل مجهوداً وكأنه لم يقطع كل هذه السلالم مرتين في دقائق •• اقترب أكثر من الباب ووضع يده في جيبه فوجدها خفيفة خالية من المفاتيح•• " - يا إلهي نسيتُ المفاتيح في السيارة •• إنها غلطتي هذه المرة حين علّقت مفتاح السيارة مع مفتاح الشقة •• اعتقدت بأن كل الأشياء تقترن ببعضها في كل الأحيان •• هل كانت تلك غلطتي بالفعل ؟•• أم أنها غلطة أخرى لا أستطيع تحديدها الآن ؟•• من أين يبدأ خطأ نسياني ؟•• وأين ينتهي؟•• آه ما أفظع هذا السؤال••!!" • عاد أدراجه في النزول وهو يردد سؤاله المحزن •• "- من أين يبدأ خطأ النسيان •• وأين ينتهي ؟ •• </p>
<p>وصل إلى السيارة ومدَّ يده فأوقفها وأخرج المفاتيح وصعد للمرة الثالثة إلى الشقة فأغلق المكيفات والنافذة ودخل غرفته وراقب كل شيء بعناية وتأكد من أن كل شيء على ما يرام •• وحينئذ نزل بهدوء إلى السيارة •• </p>
<p>3 </p>
<p>تطلع إلى مبنى العمارة وكأنه يودع أحداً ثم ركب السيارة وفي داخله إحساس عميق بأن خللاً ما يحرّك حدث النسيان لديه هذا اليوم •• - لم أكن متعوداً على النسيان !! •• قال ذلك دون أن يقصد السخرية من نفسه •• هناك شيء ينبغي أن يفهمه بالفعل •• هل ما حدث له نسيان ؟•• وهل التصرفات التي بدرت منه تشير إلى إحساسه الجديد بمعنى النسيان ؟•• تحرَّكت سيارته بين صفوف السيارات •• كانت الساعة قد تجاوزت الثامنة صباحاً •• وصل إلى نقطة الخروج بصعوبة •• تطلع إلى السيارات مستغرباً •• فهذا الموقف الكبير وفي مثل هذه الساعـة من كل يوم يكاد يخـلو من السيارات فكيف هو مكتـظ بالسيارات اليوم بالـذات؟ ! •• حين خرج إلى الشارع العام أحس بالحركة الهادئة وشاهد المحلات المغلقة اكتشف بأن اليوم يوم عطلة •• لم ينزعج ولم يبدو عليه القلق•• ولم يعتبر ذلك نسياناً أو تصرفاً ساذجاً•• لقد مضى في طريقه وكأنه قد قرر شيئاً هاماً وهو أن يعطي نفسه الحرية الكاملة للنسيان •• فمن يدري ربما اكتشف من ذلك أشياء هامة لم يكن ليكتشفها لو لم يعط نفسه تلك الحرية •• </p>
</body>
</text>
</tei.2>

