﻿<?xml version="1.0" encoding="utf-8" ?>
<tei.2>
<teiHeader id="S09">
<fileDesc>
<titleStmt>
<title> طاحونة الوحل </title>
<author> جمال الخياط </author>
<respStmt><resp>compiled by</resp>
<name>Latifa Al-Sulaiti</name></respStmt>
</titleStmt>
<publicationStmt>
<publisher> Bahrain Press </publisher>
<pubPlace> Bahrain </pubPlace>
<date>2003</date>
</publicationStmt>
<sourceDesc>
<p>created in machine-readable form in Http://www.ArabicStory.net</p>
</sourceDesc>
</fileDesc>
<encodingDesc>
<projectDesc>
<p>Texts collected for use in the
    Corpus of Contemporary Arabic project, June, 2003</p>
</projectDesc>
<samplingDecl>
<p>Whole text of 1847 words copied from the site</p>
</samplingDecl>
</encodingDesc>
<profileDesc>
<creation>
<date value="1992-08">August 1992</date>
<rs type="city">Manaama, Bahrain</rs>
</creation>
<langUsage>Arabic</langUsage>
<textClass>
<textDesc n="novel">
<channel mode="w">print; written</channel>
<constitution type="single"/>
<derivation type="original"/>
<domain type="art"/>
<factuality type="fiction"/>
<interaction type="none"/>
<preparedness type="spontaneous"/>
</textDesc>
<particDesc>
<person id="P1" sex="M" age="mid">
<birth date="1958">
<date>1958</date>
<name type="place">Muharraq, Bahrain</name>
<nationality>=Bahraini</nationality>
</birth>
<firstLang>Arabic</firstLang>
<langKnown>Unknown</langKnown>
<residence>Long term resident of Bahrain</residence>
<education>Diploma in Financial Studies</education>
<occupation>Unknown</occupation>
</person>
</particDesc>
</textClass>
</profileDesc>
</teiHeader>
<text>
<body>

<p>- 1 - </p>
<p>قذفوا بي إلى زاوية مظلمة نتنه مشبعه بالكآبة ومتشحة بالضجر .. والخوف يسكنني من كل شئ ألبسه عقلي رداء المجهول كل ما التقطته عيناي الأحجار الكبيرة المسننة و المتناثرة في كل الأرجاء. كل ذلك لا أتبينه بوضوح .. أتذكر جيداً أياديهم الممتدة المعروقة بشرايين خضراء كسنابل القمح التي قاطعت موسم الحصاد ... الذهبي دفعتني الأيادي ها هنا ثم انتشروا بلا انتظام في كل نقطة هروب. </p>
<p>عند الباب المتآكل المتكئ علي جدار ساقط .... فوق السور المتكسر بأطراف غير منتظمة كأسنان رجل عجوز ... وحدي لا أستطيع الإفلات أبداً. عيونهم تتوهج في الظلام ... وجوههم لا تلمع مع انكسار الضوء الشارد من عتمه الليل ... لا ينظرون لبعضهم ... كنت أحدق فيهم علي التوالي بنظرات كنت أظنها غاضبه ... أتصنعها متحديه ، ولكنهم رغم العتمة اكتشفوا كم هي جبانة .. كانت تقول هيا خلصونا من هذا المأتم ...لم أتفوه بكلمة واحده وهو كذلك استقبلوا نظراتي كمرايا . دنوا قليلاً ... قليلاً حتى ضاقت الدائرة وودت لو أتحول إلى قطه ... أو حتى كنغر ... أي حيوان يستطيع الهروب. </p>
<p> ضيف جديد علي المنطقة ... لا بأس( به علي كل حال. </p>
<p>نطق شاب أسمر نحيف ... شكله مخيف ... عينيه اليسرى معصوبة وذقنه طويل جداً ... كانوا ينادونه بالزعيم وكان هو يقف خلفهم ولم يتقدم إلا لتوه ؟ بعد نظرة فاحصه يقول: </p>
<p> لا يهم الدنيا قحط.( </p>
<p>ثم قهقهوا بقوه فأرتجع الصوت كابوساً ثقيلا علي رأسي يذكرني ببيت الأشباح. </p>
<p> ما أسمك ... من أي منطقة.( </p>
<p> ناصر .. ناصر من منطقة القلب.( </p>
<p>نطقت بالكاد حتى لا يكتشفوا ضعفي وارتباكي الشديدين .....أخفي وجهي صوب الظلام ... اللعاب قاطع حنجرتي فقررت أن أزار ... لا فائدة لا أستطيع ...انتشروا بتفاهم عجيب وهمس لا آخر له ... انتشروا بفرح ومرح وانشراح ... وبنصر تحقق بعد مطاردة عنيفة أتعبت سيقانهم المستدقه فشمروا عنها ... حدقوا في كل مناطق جسدي المتعب ... هربت منهم بكل قوتي ومع ذلك أمسكوا بي بمهارة يحسدون عليها؟ ذلك الطفل اللعين الذي أخبرهم بمكاني هو السبب ... غبائهم يتفاقم عندما يحاولون تقيدي بخيوط من بيت العنكبوت، فصرخ الزعيم. </p>
<p> ناديناك فلم تقف.( </p>
<p> لم أسمع.( </p>
<p> ستصرخ بملء فمك أيضاً الآن ولن( تسمع آذاننا الصوت ... اتفقنا. </p>
<p>انتفضت من قبضة الزعيم القوية ونظرت إلى عينيه بقوه ... وأنا أعلم أنه لن يراني وأنا أتخفي بحذاقه ومهارة. </p>
<p> سأخبر والدي بالأمر.( </p>
<p> لن تستطيع يا غبي.( </p>
<p>ثم ضحكوا طويلاً وهو ينظرون لبعضهم ... ربي هذا الطابور الطويل الجائع سيبتلعني واحداَ تلو الآخر وسأغيب في عالم بهيمي. </p>
<p> أقربائي أقوياء جداً فالأفضل أن( لا يعرفوا. </p>
<p> هذا صحيح.( </p>
<p>ألتفت إلى البقية الجائعة بعيون باسمه ونغز الزعيم بعينه السليمة وظلت الأخرى جاثمة خلف العصبة. </p>
<p> لأنك لن تجرؤ علي إخبارهم ماذا( ستقول .. أنك مج .. روح . </p>
<p> أرجوك كفي.( </p>
<p>يلقون بي أرضاً ويتقدم الزعيم ... ينظر إلى وينحني صوب وجهي الملئ بالعرق وأسنانه الصفراء المنخورة بالسوس الأسود ترفع لأنفي رائحة كريهة جداً ... كدت أتقيأ. </p>
<p> كن هادئاً يا ناصر.( </p>
<p> لا .. لا لن أرضي بذلك مستحيل.( </p>
<p> ليس بيدك أي شئ . ماذا ستفعل.( </p>
<p> سيضربوننا بالرصاص وسيسحقوننا( كجيمس بوند ... لا لا كالرجل الخارق. </p>
<p> ضحكوا ثانية ضحكاتهم القبيحة ....( ليتهم لو يظلوا صامتين ... ضحكتهم هذه تجعلني حقيراً. </p>
<p> أنا أعرفكم جيداً ... ستقبض عليكم( الشرطة. </p>
<p> من سيشهد علي ذلك ؟ هيا هيا لا( تضيع الوقت . </p>
<p> ولكن .( </p>
<p> هيا هيا.( </p>
<p> انتظروا .. لحظة من فضلكم.( أقولها باشمئزاز يشوبه الخوف. </p>
<p>يلقون بي أرضا ويتقدم أكثر هذا المعصوب اللعين ...رائحته الكريهة لا تتركني أطلق صرختي ... خوفي أيضاَ كبل أحبالي الصوتية ... دنوا أكثر ... شمروا عن سيقانهم النحيفة ... نظروا لي بانتقام ...هؤلاء الفوضويون يقفون في طابور طويل والدوار يفقدني حتى ... واحد ... اثنان ... ثلاثة ... </p>
<p> هل تألم لوقت طويل.( </p>
<p> يقول الزعيم باستخفاف.( </p>
<p> متي نراك ثانية؟( </p>
<p>رد آخر بضحكة رجت المكان. </p>
<p>خرجت من ذلك المكان الموحش وأنا ألعن نفسي وساعة ميلادي المشئومة. </p>
<p>- 2 - </p>
<p>أحكمت جأشي أمام والدي ووالدتي ... صعدت إلى غرفتي أجتر بقهر معتق همجيتهم ؟ خاصمني النوم في تلك الليلة وفي كل الأوضاع ضاجعت الألم القاتل الذي يسري في جسدي الممدد . تألمت بصمت يقتلني ويفتتني تسللت إلى غرفة أخي الأكبر برشاقة عندما رأيت أنها لا تزال مضاءه ...لم أتبين وجهه الذي ضاع بين دفات الكتب والأوراق المتناثرة علي مكتبه الصغير . جلست أمامه صامتاً ... محتاراً كيف أبدأ . كلما حاولت أن أفتح فمي كما حاولت مع اؤلئك الأشقياء ، شيء ما يطبق علي أنفاسي فأصمت مكرهاً ... أخيراً قفزت من علي الكرسي ووقفت بثبات مشكوك فيه ... لا زلت محنطاً بصمتي اللعين عندها بدأ ينتبه لوجودي بلا اكتراث. </p>
<p> هل أنت بخير؟( </p>
<p> نعم.( </p>
<p>قلتها وأنا أتنهد بعمق من قعر رئتاي. </p>
<p> الساعة الآن العاشرة ، لا بد أن( تكون نائماً. </p>
<p> شعرت بالأرق قليلاً.( </p>
<p> ماذا يشغل تفكيرك؟ بسرعة وقتي( ضيق. </p>
<p> ها ...لا شئ.( </p>
<p>كان محقين هؤلاء الملاعين ... يعرفون تمام المعرفة أني لن أجرؤ علي النطق وأني جبان ... نعم جبان بمعني الكلمة ... جبان من قمة الرأس حتى أخمص القدم . انطلقت خارجاً إلى غرفتي وجلست أبكي بحرقة ألهبت أعماقي المثكنه بالجراح. ليلتان طويلتان لم أذق طعم النوم ... لم أخرج للعب كالمعتاد كل صباح . استغربوا وعندما سألوا عن السبب جاوبتهم بأنه الملل الذي يركبني بلا كلل . كيف أخرج والزعيم كلف أحدهم لأكون في متناول شهوتهم القذرة. </p>
<p>في ليلة أخري وضعت ورقة صغيره علي مكتب أخي في غيابه ... انتظرت بفارغ الصبر ... دخل غرفتي ثوراً هائجاً وكاد أن يصفعني لولا دموعي التي بدأت تتنزه علي خدي. </p>
<p> منذ متي .... منذ متي؟( </p>
<p>قالها وهو يشتعل غيظاً. </p>
<p> أربعة أيام فقط .( </p>
<p> القذرون ؟ هل تعرفهم جيداً ؟( تعال معي. </p>
<p> لا .. لا أستطيع.( </p>
<p> قلت هيا والا .( </p>
<p>لا أعرف لماذا عاودني الخوف القديم ... أعرف عيون أخي المتقدة ... وأعرف أيضا أعينهم العمياء المخيفة ... أشرت عليهم من بعيد ... وقفت أنظر و أنتظر ... أنقض عليهم بلسانه أولاً وهو يرقبونه بذهول وهو يشير إلى ...وعندما أراد أن يستعمل يديه وشئ آخر خبأه في جيبه حاوطوه ... انقضوا عليه ... أنه يتألم أكثر مما كنا أتألم ... هذه المرة كلهم دفعه واحده ... بلا رحمه أو شفقة ... بلتفتون إلى ...عاودني الألم اللعين فهربت قبل أن يبتلعوني ... كانوا جائعين جداً فلم يتبعونني. </p>
<p>- 3 - </p>
<p>قضينا أيام نبحث أنا وأخي في ذكرتنا المتصدئه هن خيط يفصلنا عن الجنون ... ينقذنا من هذا الكابوس المخيف ... كلما نظرنا من النافذة ورأينا العدد يزداد كلما داهمنا الجنون ... ارتباك أخي أصبه واضحاً ولم يستطع أن يتصنع المرض أكثر حتى لا يخرج. </p>
<p> ماذا نفعل الآن ... نحن الاثنين( معاً. </p>
<p>قلت لأخي بامتعاض يملأ وجهي المكفهر. </p>
<p> صدقني الخوف قطع كل وسيله للوصول( الي عقلي. </p>
<p>قالها بضجر. </p>
<p> أنا أيضاً.( </p>
<p> أنت ... أنت من أوقعنا في هذه( المشكلة يا أحمق. </p>
<p> هل أقترح فكرة؟( </p>
<p> ماذا يا خائب؟( </p>
<p> أسمعني جيداَ .. نخبر الشرطة حتى( تتصرف معهم. </p>
<p> نحتاج لاثبات.( </p>
<p> ولم لا .( </p>
<p> يا أحمق لو فعلنا ذلك لتفاقمت( المشكلة وسيعرف الحي حقيقتنا المخزية. </p>
<p> آه لماذا لا نخبر أبي.( </p>
<p>ولم أكد أنتهي من كلامي حتي وجدنا أبي وهو ينتصب علي الباب ويرمي بثقل ظله علي وجهينا الشاحبين تبادلنا النظرات علي التوالي ... رمقنا بنظرات لا تخلو من الجنون لكنه عدل بعد ذلك للهدوء ... أبدلها بنظرات حانية ...عاتبه. </p>
<p> شئ مخزي حقاً أن نقف مكتوفي( الأيدي ... لقد سمعت للأسف كل شئ. </p>
<p> كنا عاجزين.( </p>
<p>نطق أخي بتثاقل. </p>
<p> وهو كثيرون.( </p>
<p>أجبته أنا. </p>
<p> تنقصنا الاراده.( </p>
<p> أبدا يا أبي لو رأيت اندفاعهم( الحيواني المجنون لأدركت هول الفاجعة. </p>
<p> كفي .( </p>
<p>نهض أبي بضجر ... نظر من النافذة فوجد الزعيم يتولي الحراسة بنفسه ... خرج يكلم نفسه وعندما سأله أخي إلى أين ... أوعز بأن يصمت صمتنا بنظرات متبادلة ثم هرعنا إلى النافذة ... الزعيم مل الانتظار. </p>
<p> ماذا تقول؟ لا بد أنك ثمل.( </p>
<p> نعم ولذلك أشتهي ناصر.( </p>
<p>يقول الزعيم بكل ثقة أغضبت أبي وكادت أن تخرجه عن طوره المتزن. </p>
<p> هذا جنون.( </p>
<p> جنون ... جنون ... ولكن أفضل من( الفضيحة. </p>
<p>يعدل أبي عن صراخه ويجنح للهدوء ... الزعيم يتبني صراخه ... يدخل أبي ويرمقني بنظرات مجهوله ..أحاول الخلاص من شراها ولكني أجد نفس أمامها ثانيه ... لماذا لم يحزن أبي أو يتألم؟ تكلم نعم قال في وجوههم لا ولكن هذا لا يكفي مطلقاً ... صرخت في وجه أبي لأول مره فصفعني بقوه أوقعتني أرضاً. </p>
<p> ستذهب معه دون أدني ضجة حتى نجد( طريقه للتخلص منه في هدوء ... في هدوء أتفهم. حذار أن يراك أحد معه .. أجعل خطواتك سريعه. </p>
<p> لماذا ؟ للجحيم يا لعين .( </p>
<p>فتح أبي فمه علي آخره ... أخي الأكبر أستسلم لكابوسه وغاب في عالم أسود ... خطواتي رفضت أن تكمل المشوار .......أبي يتوسلني ولكن العند يروضني ... أصرخ في أنحاء البيت ، وقبل أن يستيقظوا يدخل الزعيم وينطلق بي للجحيم حيث نذالته. </p>
<p>- 4 - </p>
<p>كانت أمي حزينة جداً وهي تجوب طول البيت وعرضه تفكر بالأمر وارتأت أن تعقد اجتماعا فوريا لعائلتنا الكبيرة ... وجوه جديده توافدت لبيتنا الكبير ... وجوه خرافية ...جلسوا حول مائدة مستديرة ... كنت بعيداً أجلس مع أختي الوحيدة وأخواتي الصغار .... تكلم أبي بلا توقف وكل العيون تثقبه ... تابعت أمي الحديث ... أحس بالرهبة وأنا أري بين اللحظات عيون تنظرني خلسة باحتقار ... تناقشوا كثيراً ولم يشاركوني في اجتماعهم ... تقاذفوا الشتائم والسباب عندما اختلفوا ... تشابكت الأيدي عندما عجزت الكلمات عن الإبحار إلى شواطئهم المائجة ... تجاذبوني كدمية عرائس متحركة ... ضاع أبي بينهم عندما دخن بشراهة لينسي ....أمي تبحر في عقولهم المظلمة لتنير الطريق ولكنها تبحث عن الوهم . </p>
<p> لا يوجد إلا حل واحد.( </p>
<p>صرخت أمي لتفض الاشتباك. </p>
<p>همهمت الأفواه تستجدي الخلاص المنشود نهيأ غرفة للزعيم هنا حتى ننظر في الأمر ونتفق . اتحدت نظراتهم صوبي ... جميعهم بلا استثناء ... حتى أخوتي الصغار ... ثار البركان الخامد ي داخلي ووقفت وسط طاولتهم ورمقتهم بإذلال ... ورأيت الزعيم يختفي خلفهم. </p>
<p> أنتم ضعفاء ... جبناء بل أكثر من( ذلك ... سفلة. </p>
<p> أنت لا تفهم.( </p>
<p>أجابت والدتي بغضب: </p>
<p> كلا سأذهب للشرطة ... أنتم خائفون( .... أنا لا. </p>
<p> لا تفعل يا سفيه.( </p>
<p>سقطت علي الطاولة ... كان الدوار عنيفاً أكبر من أن يتحمله عقلي الصغير ... أيقظوني بعنف - أنهم كالساقية يدورون وستأتي علي أختي ... و أنت ... وأنت ... ثم أشرت علي كل واحد ي البيت. </p>
<p> الزعيم لا يشتهي النساء.( </p>
<p>صاح أحد الجبناء: </p>
<p>زاحمتهم وخرجت أركض كالسهم بكل قوتي ... طاردني الزعيم وعصابته الحقيرة ... عائلتي كانت تراقب من بعيد ... هربت إلى الزقاق الضيقة كما فعلت أول مره ... مركز الشرطة قريب من هنا ... الخطوات القريبة تبتعد ي الاتجاه المعاكس ... وراءي لا يتعبون ... خلفي يلهثون ككلاب ضالة ... وراءهم بيتي الكبير ... أقع أخيرا بين قدمي الشرطي في أمان ... كانوا جميعا ضدي ... وحدي أمام طوفان جارف ... الزعيم ...أبي ...أمي ... عائلتي العريقة ... وحتى أخي الأكبر ... كان مكرهاً وحزيناً. </p>
<p> سيدي الضابط هذا الشقي لم ولن( يكف عن السرقة. </p>
<p>أنظر بدهشة إلى أمي الحبيبة وهي تخاطب الضابط. </p>
<p> لا يكف عن إيذائي وهاهو الآن( يسرق منزلي ... أنا فقير. </p>
<p>أنظر بخوف إلى هذا الزعيم الذي تحول في غفلة سريعة إلى حمل وديع. </p>
<p> لا ترحمه ... نحن عائله لها( سمعتها. </p>
<p>قالوها جميعاً. </p>
<p>- 5 - </p>
<p>خرجوا جميعاً وتركوني وحيداً أعانق وطوبة الزنزانة ... ووجه الزعيم المحفور علي الجدار ... في اليوم التالي جاء أبي وطمأنني ... أهداني دفتراً وقلماً. </p>
<p> عندما تخرج منها أقسم لك بأن( الزعيم سيكون هنا. </p>
<p>أخفضت رأسي في أسي وقلت في أعماقي عندما أخرج من السجن سأجد الزعيم يستوطن بيتي غرفه ....غرفه جني غرفة أمي يا أبي العزيز. فتحت دفتري وبدأ وجهي المحطم يكتب كل شيء. </p>
</body>
</text>
</tei.2>

