﻿<?xml version="1.0" encoding="utf-8" ?>
<tei.2>
<teiHeader id="S12">
<fileDesc>
<titleStmt>
<title> التحديق في الوجه المألوف بغرابة </title>
<author> خلف أحمد خلف </author>
<respStmt><resp>compiled by</resp>
<name>Latifa Al-Sulaiti</name></respStmt>
</titleStmt>
<publicationStmt>
<publisher> Bahrain Press </publisher>
<pubPlace> Bahrain </pubPlace>
<date>2001</date>
</publicationStmt>
<sourceDesc>
<p>created in machine-readable form in http://www.ArabicStory.net</p>
</sourceDesc>
</fileDesc>
<encodingDesc>
<projectDesc>
<p>Texts collected for use in the
    Corpus of Contemporary Arabic project, June, 2003</p>
</projectDesc>
<samplingDecl>
<p>Whole text of 2139 words copied from the site</p>
</samplingDecl>
</encodingDesc>
<profileDesc>
<creation>
<date value="1992-08">August 1992</date>
<rs type="city">Manaama, Bahrain</rs>
</creation>
<langUsage>Arabic</langUsage>
<textClass>
<textDesc n="novel">
<channel mode="w">print; written</channel>
<constitution type="single"/>
<derivation type="original"/>
<domain type="art"/>
<factuality type="fiction"/>
<interaction type="none"/>
<preparedness type="spontaneous"/>
</textDesc>
<particDesc>
<person id="P1" sex="M" age="mid">
<birth date="1948">
<date>1948</date>
<name type="place">Manaama, Bahrain</name>
<nationality>=Bahraini</nationality>
</birth>
<firstLang>Arabic</firstLang>
<langKnown>Unknown</langKnown>
<residence>Long term resident of Bahrain</residence>
<education>University postgraduate</education>
<occupation>Unknown</occupation>
</person>
</particDesc>
</textClass>
</profileDesc>
</teiHeader>
<text>
<body>

<p>- 1 -</p>
<p>(في قاعة القادمين في مطار مألوف، في زمن لا يحتاج إلى تحديد، فكل الأزمنة باتت واحدة). </p>
<p>هو يمشي مسكونا بهواجس شتى، وليس ثمة أحد يقاسمه. </p>
<p>هاجس أول: يرصدها وهي منطلقة إليه، رصاصة مكتومة الأزيز، بطيئة تأتيه تخترق صدره فيرتج جسده إلى الوراء بفعل عنف الاختراق، ويبدأ في التهاوي إلى الأرض فيما عيناه تطوفان الوجوه وصفحة عريضة من السماء تبدت من زجاج نافذة القاعة الشاسعة، حتى تحطان على الأقدام وهي تتفاداه يمنة ويسرة وقد توسد الرخام الصقيل بصدغه والأصوات من حوله تتناءى ليطبق صمت شامل لا يقلقه إلا دقات قلبه مضطربة الإيقاع وفي صدره رغبة مدحورة لصرخة مستحيلة، صرخة رفض لأن يتهاوى هكذا بين الجموع ويصير بعد قليل خبرا صغيرا في جريدة محدودة الانتشار، ورقما من حزمة أرقام لميتة مجانية، يكون بعدها نسيا منسيا. </p>
<p>هو احتاط لكل طارئ، فذاكرته مطفأة، ومفكرته تخلو من الأسماء والعناوين والمواعيد، أما كاميرته المدلاة على جانبه فهي بلا أفلام. </p>
<p>ينكمش ويتوارى ما بين المسافرين العائدين، يحتمي من هاجس في الطريق، يقاوم الانجراف إلى هواجس أخرى قادمة، يحاول أن يتشاغل، أن يمشي كما يمشي الآخرون في سكينة ظاهرة وهدوء، يستحث الذاكرة ليجيب على تساؤل يلح ولا يريد أن يهدأ، أين هو الآن وما يفعل، أمسافر من الوطن أم عائد إليه، يخاف أن يكبر السؤال. </p>
<p>يتحرك مع الركب أمام مكتب الجوازات حتى يحاذي موظف الأمن فيدفع إليه بجواز سفره. </p>
<p>يشرع أمام ضابط الجمارك حقيبته. أشياؤه الشخصية التافهة مستباحة، تمتد يد الضابط تلاعبها، تتحسسها.. </p>
<p>هاجس ثان: في قاع الحقيبة يتمدد أحدهم متكوما على نفسه في هيئة جهاز إرسال صغير. </p>
<p>هو ينتظر أن يستجوبه الضابط عن الجهاز، يهيئ نفسه ويلتمس كل الحجج اللامجدية وعبارات الإنكار والنفي والتوسل أخيرا، إلا أن يد الضابط تهيل على الجهاز الثياب، تغلق الحقيبة، يواجه عينين في نظرة غامضة ويبقى وحيدا أمام ذلك الذي رآه. </p>
<p>يمشي بتوجس، يقترب من بوابة القاعة، من ورائه حقيبته تئن عجلاتها من ثقل ذلك المتكوم في قاعها. </p>
<p>للشرطي الواقف عند البوابة يد معترضة تمتد. </p>
<p>هو يقف، يتطلع متسائلا والقلب يخفق بقوة. </p>
<p>الشرطي يطلب منه جواز السفر. </p>
<p>يسلمه إياه. </p>
<p>الشرطي يبدأ في تصفح الجواز بآلية باردة، وهو يتابع حركة الشرطي، يتطلع إلى الخارج لعل وجها مألوفا في انتظاره. </p>
<p>الشرطي يعاود تصفح الجواز من جديد، لم يعثر على ختم الدخول، هو ينبه بقلق، يتابع يد الشرطي في رحلتها الثانية. </p>
<p>تتوقف يد الشرطي على صورة حامل الجواز ثم تقلب الصفحة. </p>
<p>هو ترتج به الأرض، ترتعد شفتاه، يغالب صرخة فزع، تنفلت منه تمتات كمن يوضح للشرطي شيئا هو ذاته لا يعرفه، لكن الشرطي يفاجئه بتسليمه الجواز بعد أن عثر على بغيته، ويبقى ثانية وحيدا أمام ذلك الذي رآه. </p>
<p>هاجس ثالث: يخطو، بجبروت تحط على كتفه من الخلف يد، يد تعرف كيف تنزل في هدوء القناص المتمكن، تعرف متى تنزل، يختلج الكتف لنزولها، ينتفض فريسة لاحول لها ثم يسلم الأمر لمشيئتها، تمضي به ولا يملك أن يسأل إلى أين ولماذا؟. </p>
<p>هو يخطو خارج قاعة القادمين، يتلفت في كل الاتجاهات مذهولا لم يستوعب بعد ما رأى، يقرر الاختلاء بنفسه، دورة مياه قريبة ، يترك حقيبته عند بابها ويدلف، يشعر براحة لخلو المكان ويواجه المرآة. </p>
<p>في المرآة عينان تتفحصان وجهه لحظة، يفتح جواز السفر على صورة حامله، عيناه تتفحصان في الصورة ثم في المرآة، تسافران ما بين الاثنتين مرات. </p>
<p>هو يرتجف غير مصدق، يتمتم: هاهم قد بدءوا معك؟. </p>
<p>في المرآة جنبا إلى جنب، وجهه وصورة حامل الجواز لا يتطابقان. </p>
<p>يعاود قراءة الاسم وتفاصيل وجوده، ذات الاسم والتفاصيل، ولكن في المرآة: جنب إلى جنب، وجهه ووجه صاحب الصورة متنافران. </p>
<p>- 2 -</p>
<p>(خارج وداخل بيت مألوف بشيء من الغرابة، والوقت صار ليلا) </p>
<p>هو يتجه الى باب البيت مترددا، فلولا بطاقة عنوان ملصقة على ظهر الحقيبة لما جاءت به سيارة الأجرة إلى هنا، يتلفت ويفحص الشارع المقفر ويقترب أكثر من الباب ن لوحة تحمل اسمه، نافذة قريبة مضاءة، ثمة ألفة غير مفهومة تشده إلى كل شيء من حوله، يستنفر ذاكرته بلا جدوى. </p>
<p>هاجس أول: يمد يده ليضغط زر الجرس، ينفجر المكان، يطوح به إلى الأعلى، يشاهد المدينة من فوق نائمة والبيت يسبح في لهب ودخان، يتناثر جسده على مهل أشلاء وتتوزع فراشات على الخرائب التي تتصاعد منها رائحة البارود والدمار. </p>
<p>يتأمل المكان، الباب، اللوحة، النافذة المضاءة، يميل برأسه يصيخ السمع بلا جدوى لأصوات من في بالداخل، لا يتذكرهم أبدا، تمتد يده إلى جرس الباب تضغط عليه مرة وينتظر ثوان فلا يسمع صوتا، يعاود الضغط مرة ثانية وينتظر لثوان أخرى ثم لا يقاوم رغبة الضغط المتصل، محموما بشوق لرؤية ولقاء من ينتشله من عذاب لم ين يعصف به مذ لحظة وصوله.. لا يدري كيف بدأ ولماذا؟. </p>
<p>ممنيا النفس بأنها ستهدأ بعد قليل وتضاء الذاكرة من جديد على وجوه وذكريات، وجود ممتدة جذوره بالأرض والزمن والأهل والأصدقاء، آه كيف له احتمال كل هذا الضياع؟. </p>
<p>هاجس ثان: يفتح الباب ، ليس ثمة أحد في الداخل ، كمين يكمن له ........... </p>
<p>هو طاردا الهاجس، ضاربا يديه على الباب كمن يستنجد من مجهول يلاحقه، الباب تنفتح إحدى ضلفتيه بحذر وتبرز طفلة رأسها بتردد وتطل بنظرة مستطلعة مستفهمة. </p>
<p>هو لا يرى في الظلام ملامح الوجه الصغير وتعابيره، يمد يده ملاطفا الوجه مرحبا بالصغيرة. </p>
<p>الطفلة تجفل وترتد إلى الداخل ، تنادي: "ماما.. رجل غريب بالباب". </p>
<p>تطن في إذنه صفة "غريب" فيجفل الأمل الوليد ويكاد ينطفئ، يتشبث بلوحة الاسم المثبتة على الباب، يجرب ملامسة حواف الذاكرة المعتمة علّها تمنحه بصيصا حول امرأة وطفلة وبيت.. </p>
<p>والانتظار وقت أعمى محاصر بين البين يتحسس له مخرجا بيدين تتخبطان في كل اتجاه. </p>
<p>والمرأة يسبقها صوت خطواتها المقتربة، وإطلالة حذرة من خلال ضلفة الباب المواربة. </p>
<p>ولحظة تمعن مسكونة بالصمت والتوجس. </p>
<p>والمرأة في أوج نضجها ، ثوب له رائحة البيت والألفة يبرز ذراعين يعشى بياضهما الضوء الشفيف ووجه مدور حلو، وصدر يخفق ويعلو في موجات انفعال. </p>
<p>هو يتأمل المرأة، يستعطف الذاكرة للمرة الأخيرة ألا تخذله، من تكون هذه المرأة: زوجا أم أختا أم أما. </p>
<p>المرأة تهتف باسمه في صيغة تساؤل دهش. </p>
<p>يبادر مؤكدا: أجل أنا هو!.. </p>
<p>المرأة تندفع إلى أحضانه تسبقها صيحة فرح غامرة، مرددة اسمه كمن تعبر في أن عن سعادتها بعودته ولوعة انتظارها المر الطويل. </p>
<p>يحتويها بلا تدبر بين ذراعيه ، يضمها إلى صدره، يداه تتحسسان دفء كتفيها وظهرها فيما راحت قبلاته تطيش متوترة مابين الجبين والوجنتين حتى تلتقي شفتيها فتصير قبلة طويلة، فرح ولذة، فجأة وهزة، فمها حمامة تضم إليها صغارها، هو كل صغارها، تنفلت منه صيحات لاهثة ما بين القبلة والقبلة: "آه.. عدت لك، أمي الحبيبة". </p>
<p>المرأة تدخله البيت قابضة على يده، تنادي طفلتها التي انزوت في أحد الأركان خجلة من هذا العائد، من هذا اللقاء العاصف، تقول لها: هذا أبوك قد عاد. أبوك عاد.." </p>
<p>يسرع الى الصغيرة، يرفعها إليه، يحدق في وجهها، في عينيها ويقبلها بلهفة محمومة.. </p>
<p>هاهو زوج وأب في ظل بيته، وداعا للضياع. </p>
<p>- 3 -</p>
<p>(في إحدى غرف البيت المألوف بشيء من الغرابة، هي غرفة نوم على وجه التحديد، والزمن ساعة متأخرة من الليل). </p>
<p>هو: يفضل ألا يضيء الغرفة، يواصل تجفيف جسده المبتل من حمام دافئ، يرمي المنشفة ويظل عاريا يندس في الفراش الكبير متلذذا بنعومة الأغطية، بعريه، بتجرده من كل شيء، وانتظاره لامرأة تنشق عنها اللحظات القادمة، ملغيا كل حيرته وأسئلته، مسترخيا في الظلام الشفيف مستسلما لهدأة الليل، واحساس يحتويه على مهل بغرابة ما سيحدث، امرأة لا يعرفها تأتيه الى الفراش، زوجة وأم طفلته.. </p>
<p>هاجس أول: يطل برأسه محاولا أن يبدأ.. </p>
<p>هو: يجهضه، إذ يفتح عينيه على سعتهما في الظلام، ويفرد ذراعيه على الفراش، متنهدا، يصر على أن يعيش لحظته دون أن يبعدهما إلى تخوم الماضي أو الآتي.. إنه كتف باللحظة وحسب ، ممتلئ بها.. </p>
<p>المرأة: تفتح الباب وتقف على عتبته، من ورائها ضوء الصالة يقتحم الغرفة ويرسم منحنيات جسدها في غلالة شفافة.. </p>
<p>تضطرم فيه الرغبة، امرأة بهذا النضج، في متناول يديه، آتية من المجهول، لا تحمل معها ذكرى ولا صفة. </p>
<p>المرأة: تقترب منه، تنحني على الفراش، يغمره عطر الياسمين الأخاذ، تقول: "كيف تستطيب الظلام، ما عهدتك تطيقه"، تمد يدها وتضيء مصباحا بجوار السرير. </p>
<p>هو: يقاوم تردده، يقترب منها، ينحني عليها، يهم بتقبيلها.. تحين منه التفاتة إلى صورة بجوار المصباح، صورة الرجل والمرأة.. يقترب أكثر، يبرز ذات الرجل الذي احتل مكانه في جواز السفر، يطوق امرأة، امرأة غير هذه التي في الفراش.. يعتدل في جلسته ويشير إلى الصورة: "من هما؟". </p>
<p>المرأة: تلتفت إلى حيث يشير، تضحك: "ومن يكونان في رأيك.. هذا أنت.. وهذه أنا في حفل زواجنا.." </p>
<p>ينتفض واقفا، ذاهلا عن عريه، ينظر إلى الصورة في رعب ثم يتجه إلى الباب هاربا من هذا الغريب الذي يلاحقه ويحتل وجوده في كل مكان. </p>
<p>- 4 -</p>
<p>(غرفة النوم ذاتها، في اليوم التالي والوقت صباحا، صباحا متأخرا) </p>
<p>هو: يفتح عينيه في تردد، وحين يتقين أنه وحده في الفراش، يشعر براحة، يتأمل المكان من حوله مستطلعا، ثمة صور معلقة وأخرى على الرفوف، ينهض، يفاجأ بعريه، يجفل ويعدو سريعا إلى الفراش، يتذكر البارحة، يخجل من نفسه، خيبة وأية خيبة. </p>
<p>هاجس: يحاول أن يتشكل لكنه سرعان ما يتلاشى أمام غرابة ما يحدث له.. </p>
<p>هو: يلف وسطه بمنشفة ويتفحص الصور، هناك يتوزع الرجل الغريب في أماكن وأوضاع عديدة، بصحبته أناس لا يعرفهم، يضحكون، يتزاحمون حول مائدة طعام، يسبحون في بحر، جادون في جلسة، وصورة للصغيرة، صورة لها ، هي هي بوجهها، بعينيها، هي ذاتها التي تأملها وقبلها. </p>
<p>يشعر أن ثمة عين تراقبه، يلتفت فإذا هي واقفة عن الباب، يناديها تأتيه في حياء.. يأخذها من يدها ويجلسها في حجره، يقبل شعرها ويسألها: </p>
<p>ـــ لماذا وصفتنني بالغريب عندما رأيتني أول مرة عند الباب؟. </p>
<p>تجيب الطفلة: </p>
<p>ـــ لأنك لا تشبه صورك المعلقة في بيتنا.. </p>
<p>يحتضنها، يغمرها بقبلاته، هاهي خيوط الصباح الأولى، انتشى متفائلا ونادى المرأة. </p>
<p>- 5 -</p>
<p>(غرفة أخرى في البيت، واسعة، لكنها مكتظة بالمقاعد، والوقت ليلا من ذات اليوم). </p>
<p>ثمة رجال انتشروا على المقاعد، انهم أصدقاؤك، هكذا أكدت له المرأة /الزوجة، يتأملهم، يقترب منه بعضهم يلاطفونه ويتضاحكون، بالكاد يشاركهم ببعض الهمهمات.." إنه لازال متعبا من رحلته" هكذا تبرر لهم وجومه وسهومه، تأخذ بيده إلى أحدهم، منفردا كان،" هذا أعز أصدقائك وأقربهم إليك" هكذا تقول له، يبقى يواجه الرجل الذي يتأمله في صمت، يقرر أن يفعل شيئا، بأخذ الرجل من يده إلى مرآة قريبة، يواجهها معه، ويدفع إليه بجواز سفره ويقول له "تأمل الصورة وقارنها مع وجهي، هل هي صورتي؟". </p>
<p>يتأمله الرجل في صمت قبل أن يعيد إليه جوازه ويخرج بطاقته الشخصية ويدفع بها إليه.. هو يتطلع في البطاقة، هناك تتربع صورة رجل آخر مكان صورة الصديق.. </p>
<p>هو يصمم على الاستمرار، يقول "سآتيك بصورة صغيرتي.. إنها على الأقل صورتها هي، ليس كما هو الحال لك ولي وللآخرين.." </p>
<p>يبتسم الرجل ابتسامة غامضة ويقول: "هكذا حال كل الأطفال مادون السادسة.. أما ماعداهم فالأمر يختلف.." </p>
<p>هو يصرخ في الرجل: " لماذا نكون هكذا.. الصورة ليست صورتنا، والذاكرة ليست ذاكرة.." </p>
<p>- 6 -</p>
<p>(الغرفة ذاتها في اليوم الثالث ، والوقت مساء) </p>
<p>الصديق تستقبله الزوجة عند الباب، هو يراقبهما وهما يتحدثان همسا قليلا، الصديق يتقدم نحوه متأملا الجدران وقد أزيلت عنها كل الصور المعلقة من قبل، الصديق يجلس إلى جانبه ويحاول التسرية عنه، يؤكد له إن هذا هو حال الجميع بلا استثناء، وإنه سيعتاد الأمر سريعا، وسيكتشف إنها صورته فعلا، فلا داعي للقلق إذن.. </p>
<p>هو يرفض محاولات الصديق، يصر على أن تكون الصورة صورته، الصديق وقد لمس إصراره يقول:" هناك ثمة حل يلجأ إليه أمثالك ممن لا يصبرون.. لقد أفتتح مركز طبي حديث ومجهز، تدخله وخلال ساعتين، تكون الصورة صورتك.." </p>
<p>هو يتساءل: "كيف تكون الصورة صورتي؟".. </p>
<p>الصديق يبتسم: "ثمة جراح تجميل ماهر يجعل وجهك مطابقا تمام المطابقة للصورة." </p>
<p>هو تنتابه نوبة ضحك هستيري. </p>
<p>- 7 -</p>
<p>(الغرفة ذاتها في اليوم الرابع ، والوقت صباحا) </p>
<p>هو يمسك بالكاميرا، يدرب صغيرته على التقاط الصور، يقف أمامها ويطلب منها أن تلتقط له صورا عديدة، في أوضاع قريبة يبرز فيها وجهه مواجها ومن كلا الجانبين، باسما، حانقا، غاضبا، فرحا. يسرع إلى الخارج بالفيلم. </p>
<p>- 8 -</p>
<p>(الغرفة ذاتها ، بعد ساعة) </p>
<p>هو يدخل فرحا مزهوا بالانتصار، ينادي المرأة / الزوجة، يفتح المظروف أمامها: "كما ترين لم أفتحه من قبل، هذه صور التقطتها لي الصغيرة قبل ساعة، ستشاهدين أخيرا صورتي أنا لا صورته اللعينة." </p>
<p>يخرج الصور، يصعق حين يراها: الرجل الغريب في نفس الأوضاع والحالات التي تم التقاطها!.. </p>
<p>- 9 -</p>
<p>(ذات الغرفة وفي ذات اليوم ، والوقت مساء) </p>
<p>هو وقد اشتاق إلى هواجسه ، يحاول أن يستحضر إحداها، أن يكوّن أجزاءها فلا يفلح في بادئ الأمر حتى يطاوعه هاجس. </p>
<p>الهاجس: ثمة من يطرق الباب، الزوجة تفتح، الزوجة ترحب بالقادم بحرارة.. القادم يقترب.. يتبينه فإذا هو الرجل الغريب الذي احتل صوره في كل مكان.. الرجل الغريب يصافحه ويعرض عليه بدون مقدمات أن يترك له البيت والزوجة والابنة!.. </p>
<p>هو ينتفض، ففي ذات اللحظة ثمة من يطرق الباب، الزوجة تفتح، الزوجة ترحب بالقادم بحرارة، القادم يقترب، يتبينه فإذا هو الصديق.. يسرع إليه ويطلب منه أن يساعده في مقابلة الرجل الغريب.. </p>
<p>الصديق يبتسم ويقول: "لاداعي للمساعدة، فهو هنا.." </p>
<p>يصمت لحظة ليضيف موضحا: "إنه أنت!".. </p>
<p>- 10 -</p>
<p>(خارج كل الأمكنة المغلقة، والوقت مفتوح على مصراعيه) </p>
<p>هو يحتضن طفلته، التي شاركته وحدها التحديق في وجهه الآخر، ينتظر أن تأتيه هواجسه تشمله، تحتويه، يطول انتظاره يستمطرها، يتوسلها أن تأتي، وحين لا تفعل، يبادر هو فيعيد صياغة إحداها: </p>
<p>يرصدها وهي منطلقة إليه، رصاصة مكتومة الأزيز، بطيئة تأتيه، تخترق صدره، فيرتج إلى الوراء بفعل الاختراق، لكنه لا يتهاوى إلى الأرض ولا يجعل الأرض وسادته، بل يخطو خطوتين قبل أن ينحني الى الأمام جاعلا من رأسه حربة، تعاجله رصاصة ثانية فيسقط على ركبتيه ويزحف، يواصل الزحف فيما رصاصة ثالثة في الطريق إليه وابتسامة الظفر تطرز شفتيه، وعيناه تحدقان في عين طفلته المترعتين أملا.</p>
</body>
</text>
</tei.2>


