﻿<?xml version="1.0" encoding="utf-8" ?>
<tei.2>
<teiHeader id="S16">
<fileDesc>
<titleStmt>
<title> زمن القهر </title>
<author> عائشة غلوم </author>
<respStmt><resp>compiled by</resp>
<name>Latifa Al-Sulaiti</name></respStmt>
</titleStmt>
<publicationStmt>
<publisher> Bahrain Press </publisher>
<pubPlace> Bahrain </pubPlace>
<date>2003</date>
</publicationStmt>
<sourceDesc>
<p>created in machine-readable form in http://www.ArabicStory.net</p>
</sourceDesc>
</fileDesc>
<encodingDesc>
<projectDesc>
<p>Texts collected for use in the
    Corpus of Contemporary Arabic project, June, 2003</p>
</projectDesc>
<samplingDecl>
<p>Whole text of 1237 words copied from the site</p>
</samplingDecl>
</encodingDesc>
<profileDesc>
<creation>
<date value="1992-08">August 1992</date>
<rs type="city">Manaama, Bahrain</rs>
</creation>
<langUsage>Arabic</langUsage>
<textClass>
<textDesc n="novel">
<channel mode="w">print; written</channel>
<constitution type="single"/>
<derivation type="original"/>
<domain type="art"/>
<factuality type="fiction"/>
<interaction type="none"/>
<preparedness type="spontaneous"/>
</textDesc>
<particDesc>
<person id="P1" sex="F" age="mid">
<birth date="1952">
<date>1952</date>
<name type="place">Al-Hidd, Bahrain</name>
<nationality>=Bahraini</nationality>
</birth>
<firstLang>Arabic</firstLang>
<langKnown>Unknown</langKnown>
<residence>Long term resident of Bahrain</residence>
<education>University graduate</education>
<occupation>Unknown</occupation>
</person>
</particDesc>
</textClass>
</profileDesc>
</teiHeader>
<text>
<body>

<p>في ذلك الزمن الماضي ، وفي تلك السنوات البعيدة ، كان عبدالله صبيًّا صغيرًا ، لم يتجاوز الثامنة من عمره ، مربوع القامة ، ضعيف البنية ، أسمر الوجه معروق الجبهة ، طويل الأنف ، في عينيه طيبة وبراءة وانكسار ، غالبًا ما يرتدي - على لحمه - ثوبًا رثًّا ممزقًا ، وينتعل نعالاً بالية قد انسحقت فاستوت مع التراب الذي يمشي عليه . </p>
<p>كان هذا الصبي يخرج في بكرة كل يوم حاملاً في عبَّه مصحفًا صغيرًا ، متوجَّهًا صوب بيت الشيخ ( المطوع ) معلم الحي الذي يجمع الصبية والصبايا الصغار ، أحيانًا في غرفة بداره المتداعية ، أو في حوش البيت حينًا آخر ، يعلمهم كتاب الله ، يقرأ فيقرؤون وراءه ، وسرعان ما يحفظون منه ، يجلسون متربعين مواجهين له ، وأمام كل صغير منهم كرسي المصحف ، تنطلق أصواتهم جهرًا في صوت واحد ، يهزون أجسادهم الضئيلة مع كل آية تتلى ، يرفعون رؤوسهم تارة ، ويخفضونها تارة أخرى ، وكان هذا الصبي من بينهم هادئ الطبع مسالمًا ، يقصد مكانه المعهود الذي لا يغيره مطلقًا ، ولا يحب تغييره ، وإذا حدث أن وصل متأخرًا ، ووجد أحد الصبية قد استحوذ على مكانه ، لا يقول ولا يفعل ، بل يأخذ مكانًا آخر وهو يتمتم بداخله ، ويمضي درسه في مضض وضجر ، حتى ينقضي الوقت ، ومن ثم يحمل مصحفه ثانية ، وينسلّ من بين المجموعة في صمت . </p>
<p>وفي يوم من أيام القهر والظلم ، أدرك الصبي شيخه المطوع وقد بدأ الدرس ، فدخل على عجل ، حتى أنه لم يلق السلام وتخطى الصبية قاصدًا زاوية في ركن بعيد ، وتربع على الأرض محاذيًا بكتفه كتف صبي آخر يجلس عن يمينه ، وجدار الدار إلى يساره ، ومد عنقه ينظر فإذا به ينتبه وقد وعى غلطته ، عندما لسعته عصا الشيخ من بعيد ففزع وانتفض ، وارتعدت فرائصه ، وأحس شيئًا ما في أحشائه يتحرك ، واعترته حيرة ، وشيء من الحياء .. هل يقف أم يظل جالسًا ؟ خيل إليه أنه سمع أحدهم يسأله : ما هذا الصوت الغريب ؟ لا شيء ، إنه بطنه يقرقر من شدة الجوع ، لقد كانت بطنه خاويًا .. ( تبًّا لها من امرأة قاسية لا يهمها إن خرجت جائعًا أم شبعان .. المهم هي وابنتها ) </p>
<p>وصك أذنيه صوت الشيخ وهو يصرخ : </p>
<p>- يا ولد لماذا تأخرت ؟ وأين مصحفك ؟ وهل حفظت ما عليك ؟ أم جئتنا تتبختر على مهل ؟ سيكون لي حديث آخر مع أبيك . </p>
<p>طأطأ الصبي رأسه في إذلال ، وانحدرت دمعة غزيرة من عينه بللت ثوبه الرث ، وتذكر أباه ( ليتك تعود سريعًا يا أبي .. إلى متى غيبتك ؟ رحلتك طويلة والأيام مريرة ، وأنت هناك في ظلام البحر تغوص ، والحر ، ووهج الشمس .. أواه كم تشقى يا أبي ! ولكن أفواها فاغرة تنتظرك ، وامرأة فظة تتحين عودتك لتسحتك ، وتجردك من كل شيء ، وأنا .. آه .. ليت أمي حين ولدتني بقيت معي ، ليتها لم تتعسر في ولادتي ، المسكينة لم تحتمل آلام المخاض ، أيامًا معدودة ثم تركتني ووحشة الأيام وقسوة الخلق . ) </p>
<p>وبصرخة من الشيخ انتفض الصبي .. </p>
<p>اقعد يا ولد .. خلاص .. الكلام معك لا ينفع .. نكمل قراءة .. </p>
<p>وعلت أصواب الصغار وهم يرددون .. بسم الله الرحمن الرحيم ( والضحى .. والليل إذا سجى .. .. ) ويحرك لسانه .. وشفتيه .. ويقرأ .. ويردد .. ووجد نفسه يقول معهم .. ( فأما اليتيم فلا تقهر ..ويجهر بها أكثر .. تقهر .. ) </p>
<p>بعد لحظات .. </p>
<p>انقضى الدرس ، فودع الشيخ تلاميذه ولم ينس أن يوصيهم بإحضار الخميسية في الغد ، أما ذاك الصبي .. فقد مد خطواته سريعًا وخرج وهو يتأبط بيمينه مصحفه الصغير وبيده اليسرى ينبش جيبه الممزق .. لحس شفتيه بلسانه .. وتبلع بريقه .. وتاه في زحمة الشارع . </p>
<p>* * *</p>
<p>** </p>
<p>التهب قرص الشمس في كبد السماء ، وأوشك أن يلامس رؤوس الناس من فرط الحرارة المسلطة على يوافيخهم ، والصبي ما فتئ يذرع الطرقات ويطوف بالممرات ، حتى أنهكه التعب وأعياه الجوع ، وحدث نفسه بالعودة إلى البيت ، أجل لماذا لا يعود ؟ أليس البيت بيت أبيه ؟ إنه يعلم تمامًا ما الذي سيلقاه ، ولكنه لابد أن يعود ، إنه وقت الظهيرة .. وقت الغداء ، ولابد أن زوجة أبيه قد أعدت شيئًا يؤكل ، على الأقل من أجل ابنتها الوحيدة . </p>
<p>مضى الصبي صوب البيت ، وحين اقترب من الباب دفعه ، ودخل متوجَّسًا ، يتلفت هنا وهناك ، ويتسحب والخوف في عينيه ، في تلك اللحظة سمع صوت أقدام تتزحزح ، فانتفض مذعورًا حين أبصر زوجة أبيه تقف قبالته ، تقتحمه بعينيها الجاحظتين ، ونظراتها الحادة ، طالعته من علٍ .. امرأة طويلة القامة ، نحيلة العود ، متخشبة الحركة ، ترتدي جلابية من قماش مشجر . اقتربت منه ثم قبضت ياقة ثوبه قبضة خانقه وصرخت في وجهه : </p>
<p>- عدت أخيرًا يابن أبيك ؟ أين كنت ؟ تدور في السكك ؟ </p>
<p>وأطرق الصبي ، تتسارع ضربات قلبه هلعًا ، مخافة أن تنهال عليه بكفها العريضة ، ولكن الله سترها معه هذه المرة ، فقط زعقت في وجهه قائلة : اذهب إلى المطبخ .. ألا تريد طعامًا ؟ </p>
<p>وانفلت من أمامها صوب المطبخ ، وقبع في ركن صغير ، جعل يشخص بنظراته إلى السقف ، ويتذكر والده ، فتدمع عيناه ، ويجف حلقه ، ويباغته دوار في رأسه وضربات عنيفة تطرق مؤخرة رأسه . </p>
<p>لحقت به المرأة وفتحت ( النملية ) وأخرجت رغيفًا يابسًا مصفرًا ، ثم اتجهت نحو موقد النار وتناولت من فوقه ( طاسة ) صغيرة في قاعها قليل من العدس الأحمر المطبوخ ، ومدت للصبي هذا المقسوم ، فالتقفه من يدها وجعل يلقمه دون توقف ، وهي تنظر إليه في شزر ، ثم أشاحت عنه وجهها وانصرفت . </p>
<p>بعد ثوان فقط انتهى الصبي من الطعام ، وفوجئ بها أمامه مرة أخرى .. </p>
<p>- هيا .. ألم تشبع ؟ خذ طاستك واغسلها مع هذه الصحون المتبقية ، ثم اكنس المطبخ ، واغرب حيث شئت . </p>
<p>- ولكن يا زوجة أبي .. </p>
<p>- ولكن ماذا يا صبي ؟ </p>
<p>- أختي .. أين هي ؟ لماذا لا .. </p>
<p>ولم يتم جملته ، فقد وكزته المرأة ، وانهالت عليه بقبضتيها .. </p>
<p>- اختك نائمة يا خسيس ، هيا أتريد أن تأكل ببلاش ؟ </p>
<p>آلمته الكلمة شديدًا ، وأحس بوخز الإبر في صدره ، واضطرام النار بين ضلوعه ، فما كان منه إلا أن انسل من بين قدميها ، واندفع خارجًا بأقصى سرعته ، وصوتها يصك مسمعه وهي تردد : إياك أن تعود ثانية .. مالك محل ولا مكان عندنا . </p>
<p>عاد الصبي يذرع الطرقات ويجرجر قدميه الصغيرتين في بطء وتخاذل ، يخطو مرة ويتوقف ثانية ، والشمس المتوهجة تلهبه والأرض المشتعلة تحرقه ، ولكن صورة أبيه في خاطره تسنده كلما أوشك على السقوط ، وصوت أبيه يفيض عليه من الصبر والتجلد ما يكسبه رجولة وقوة . </p>
<p>وتخطر في بال الصبي كلمات أبيه التي سمعها منه قبل أن يدخل رحلة الغوص .. ( في الرحلة القادمة .. أنت معنا " تباب " صغير على ظهر السفينة يا بني . إن شاء الله ، قل : إن شاء الله ) . </p>
<p>تمتم الصبي عبدالله وشفتاه تنفرجان : إن شاء الله . </p>
<p>وقفز في الهواء ، شعر بالفرح وامتلأت نفسه بالرضا والإعجاب بهذه الفكرة نعم ، ولم لا ؟ تباب مع الغواصين خير له ألف مرة . دب فيه النشاط ، فاتسعت خطواته ، وواصل سيره حتى ابتلعه الطريق . </p>
</body>
</text>
</tei.2>

