﻿<?xml version="1.0" encoding="utf-8" ?>
<tei.2>
<teiHeader id="S17">
<fileDesc>
<titleStmt>
<title> عمتنا النخلة </title>
<author> عائشة غلوم </author>
<respStmt><resp>compiled by</resp>
<name>Latifa Al-Sulaiti</name></respStmt>
</titleStmt>
<publicationStmt>
<publisher> Bahrain Press </publisher>
<pubPlace> Bahrain </pubPlace>
<date>2003</date>
</publicationStmt>
<sourceDesc>
<p>created in machine-readable form in http://www.ArabicStory.net</p>
</sourceDesc>
</fileDesc>
<encodingDesc>
<projectDesc>
<p>Texts collected for use in the
    Corpus of Contemporary Arabic project, June, 2003</p>
</projectDesc>
<samplingDecl>
<p>Whole text of 1450 words copied from the site</p>
</samplingDecl>
</encodingDesc>
<profileDesc>
<creation>
<date value="1992-08">August 1992</date>
<rs type="city">Manaama, Bahrain</rs>
</creation>
<langUsage>Arabic</langUsage>
<textClass>
<textDesc n="novel">
<channel mode="w">print; written</channel>
<constitution type="single"/>
<derivation type="original"/>
<domain type="art"/>
<factuality type="fiction"/>
<interaction type="none"/>
<preparedness type="spontaneous"/>
</textDesc>
<particDesc>
<person id="P1" sex="F" age="mid">
<birth date="1952">
<date>1952</date>
<name type="place">Al-Hidd, Bahrain</name>
<nationality>=Bahraini</nationality>
</birth>
<firstLang>Arabic</firstLang>
<langKnown>Unknown</langKnown>
<residence>Long term resident of Bahrain</residence>
<education>University graduate</education>
<occupation>Unknown</occupation>
</person>
</particDesc>
</textClass>
</profileDesc>
</teiHeader>
<text>
<body>

<p>شاء الله أن أرتبط ببيت جدي ارتباطًا وثيقًا ، وحبيبًا إلى روحي ونفسي ، فقد تربيتُ في هذا البيت ، كنت سمًّيا لجدي ، وكان مما يزيدني غبطة وسعادة أنني أول من حمل اسمه من بين أبناء أعمامي . </p>
<p>نشأت في كنف جدي ، ودرجتُ في أحضان جدتي ، حتى بعد أن أصبح لأبي بيت يملكه ، وصار يسكنه مع أمي وإخوتي ، بقيت في بيت جدي ، أنعم بالمحبة تغمرني ، والدلال يحيطني ، حتى بات أولاد أعمامي يغبطوني على ما أنا فيه من رغد العيش . </p>
<p>وبيت جدي كبير واسع ( كذلك يبدو في عيني ) له فناء مسطوح ، ليس يتجمع فيه الرمل كما هو الحال في بيوت أصحابي ، ترتفع في إحدى زواياه نخلة سامقة ، قلت له ذات يوم : ( أنت تحب النخلة كثيرًا يا جدي !..) أجابني : ( ألا تحبها أنت ؟ إنها عمتنا يا ولدي ، عمة البيت .) وكان جدي يرعى هذه النخلة .. ولا يرضيه أن يتولى أمرها أحد غيره ، فعندما تتم ثمرها ، ويحين أوان خرفها ، يصعد إليها يخرف من عراجينها رطبًا وفيرًا ، وقد أقام بينها وبين الجدار سقفًا من ألمنيوم ، تمسكه أعمدة خشبية أربعة ، ويعينه هذا السقف - الذي يقسم النخلة إلى قسمين - على الوصول إلى عذوق النخلة .. يجمع رطبها برفق وأناة . </p>
<p>ولم أكن أعجب إذا ما رأيته متعلقًا فوق هذا السطح الألمنيوم .. بين قمة النخلة وسطح الأرض ، فقد كان جدي قويًّا .. معتدا بقوته ، ويغيظه أن يقول له أحد : أنت لا تقوى على هذا الشيء أو ذاك ، حينها سيحتد غاضبًا .. ويصرخ قائلا : أنا أقوى مما تظن . </p>
<p>تعلقت مشاعري بجدي حتى لازمني إحساس بأنه رجل عظيم ، ولا أدري سر عظمته في نظري ، فجدي رجل قوي ، مربوع القامة ، صلب البنية ، أسمر الوجه ، طويل الأنف له عينان متوقدتان ، وحاجبان منعقدان ، حتى ليدرك الناظر إليه أنه رجل غضوب ، تميزه أذنان طويلتان ، على أنني سلمتُ من طول الأذن فلم أرث عنه هذه الصفة ، بل أخذت عنه أشياء أخرى . وأظنني كنت صغيرًا إذ لم أفطن إلى كثير من طباع جدي وعاداته ، وأشد ما كان يثير دهشتي أني أجد فيه الشيء ونقيضه ، لقد اجتمعت فيه الأضداد بشكل لا يتصوره أحد ولذا صار جدي معلمي الأول ، على أنني كرهتُ فيه خصلة وتمنيت لو تزول عنه ، أو أن واحدًا من أعمامي ينجح في استئصال هذه الخصلة وبترها منه ، كنت أحسها مثل الداء الذي ينخر في جسدي ؛ لأنها بغيضة ، جدي رجل غضوب ولا يملك نفسه أبدًا ، سلطانه ضعيف أمام سورات الغضب ، وغضب جدي يروعني ، كأن وحشًا كامنًا في أعماقه يهب لينقضُ على من حوله ، والغريب أن أبسط الأمور - في كثير من الأحيان - يوقظ هذا المارد بداخله ، والأغرب من ذلك أن غضبه مثل فقاعات الصابون في الهواء .. لا يدوم غير لحظات قصيرة ، فتخمد جذوته كلمة طيبة حانية ، وتصيره من حال إلى حال . </p>
<p>عندما كبرتُ .. وتجاوزت العقد الأول من عمري ، صرتُ أحلم بأشياء كثيرة ، وأحببتُ أن أصير مثل جدي ، ولذلك كان المسجد أحب الأماكن إلى نفسي ، أحب الذهاب إلى المسجد والجلوس إلى حلقات الذكر بعد الصلاة ، وكم تمنيتُ لو أن جدي أمسك يدي يومًا ، واصطحبني معه إلى المسجد ، ولكنه نادرًا ما كان يوافق على مرافقتي له ، عندما أطلب إليه ذلك ، وكان يتعذر على الدوام ، إلا أنني نشأت معتادًا الصلاة في بيت الله ، واستمسكت بهذه العادة ، فلم أتكاسل يومًا ، أو أعجز ، وهذا الحرص شيء من أشياء أخذتها عن جدي . </p>
<p>* * *</p>
<p>** </p>
<p>كان من عادة جدي أن يجلس عصرًا مع جدتي ، يرتشف الشاي حتى يأتي على البقية اليسيرة في الإناء ، ثم يسأل إن كان هناك عمل ما عليه القيام به ، وفي ذلك اليوم كنت أجلس مع جدي وقد اتخذت مكاني قربه تمامًا ، استرق النظر إليه جانبًا ، وأتأمل ملامحه الصارمة التي تنبئ عن صبره وعزمه ، وبينما كنت مسترسلاً في أفكاري ، دخل علينا أبي على عجل كعادته ، ألقى السلام ، وجلس ، وسكب الشاي وراح يشرب ، وإذ ذاك وجدته يرفع رأسه ،ينظر خارج الدار ، مصوَّبًا بصره نحو النخلة وهو يقول لجدي : </p>
<p>- أبي ، ألا تنوي تشذيب عذوق النخلة ؟ أظن أن الأوان مناسب هذه الأيام . </p>
<p>تحرك جدي ، وأشرأب إلينا بعنقه ، ثم نظر إلى أبي في شزر ، وأطرق برهة وقال : </p>
<p>- بالطبع أنوي ذلك .. وإلا هل تظن أنني تارك هذه النخلة هكذا ؟ .. </p>
<p>- حسنًا يا أبي ، ما رأيك أن نستأجر أحد الرجال .. من أولئك المحتاجين ليقوم بهذا العمل ، بدلاً من أن تتعب نفسك أنت و.. .. </p>
<p>وصفعه جدي بالرد حالاً من دون تفكير .. </p>
<p>- لا.. لا.. لا أريد أحدًا يتولى هذا العمل ، وأين ذهبت أنا ؟! دعك من هذا الكلام . </p>
<p>قال أبي في هدوء : </p>
<p>- ولكنك تشق على نفسك كثيرًا يا أبي ، وهو أمر لا يساوي تعبك والمشقة التي .. .. </p>
<p>وأسكته جدي ، رافعًا كفه عاليًا وهو يصرخ بصوت عال : </p>
<p>- يا .. قلت لك لا ، يعني لا ، ماذا دهاك ؟ </p>
<p>شعرت آنذاك بمفاصلي ترتجف ، ولم يكن الجو باردًا ، فحدجتُ أبي بنظرة ألتمس منه السكوت ؛ حتى لا ينفجر جدي أكثر،ويمطرنا بوابل غضبه . </p>
<p>في تلك اللحظة ، نفض جدي ثوبه ونهض وهو يقول : </p>
<p>- غدًا إن شاء الله سأقوم بتشذيب النخلة . </p>
<p>نظرت إلى جدتي نظرة المستغيث ، بينما أبي يهز رأسه دهشًا من عناد جدي وأظنهما قد أحسا بالشعور نفسه الذي راودني .. الخوف من الغد . </p>
<p>وفي صبيحة اليوم التالي ، كان جدي يتهيأ لمناجاة عمة البيت ، نعم مناجاتها ، فقد أعد عدته ، وشدَّ مئزره وجاء بالسلم الخشبي ، ليصعد عليه ويصل إلى السقف الذي أقامه واسطة بينه وبين النخلة السامقة ، وها هو يقف فوقه آمنًا مطمئنًا ، يشتغل في عراجين نخلته ، عاقدًا العزم على تشذيبها ، ثم تغطيتها بالخيش حتى يحين أوان الخرف . </p>
<p>في هذا اليوم تملكني خوف شديد ، توجست في نفسي كثيرًا ، ورحت أتسمع الأصوات وأتحسس الحركات ، ولم يكن أحد يحس بخوفي وهلعي غير جدتي المسكينة ، إذ لم يكن بيدها أية حيلة أو حول ، وهي لا تجسر على المجادلة يومها ؛ فقد وجدت نفسها أمام الأمر واقعًا وحقيقة أمامها . ( ها أنت يا جدي تركب رأسك ، وتتعلق بين السماء والأرض ، وتأبي أن يمد أحد يده ليعينك ) . </p>
<p>مرت الساعات ثقيلة ، دقائقها تتمدد وتتمدد ، وأخوف ما أخافني اقتراب موعد صلاة الظهر وجدي ما يزال معلقًا .. يقطع ويرمي ، يلف ويربط ، كفاه ترتجفان ، والعرق يتفصد من وجهه الذي غشيه سواد عجيب. بينما أنا وجدتي واقفين .. أنظارنا متجهة نحوه ، يصل مسامعنا ألفاظ وعبارات يهذر بها جدي لا ندري مقصده منها ، هل يناجي عمته النخلة أم يوبخها ويلومها .. الله أعلم . </p>
<p>حاولت التغلب على جبني وخيبتي ، فدنوتُ صوب جدي .. ورفعت رأسي أناديه بصوت مرتعش : </p>
<p>- جدي .. كفاك اليوم ما عملته ، دع الباقي إلى الغد .. أرجوك . </p>
<p>ويصلني الرد منه متقطعًا .. مهدودًا : </p>
<p>- خلاص .. انتهيت يا ولدي ، لا تقلق . </p>
<p>( كم أنت عنيد وصلب يا جدي ) . </p>
<p>وكلَّمتُه ثانية : </p>
<p>- كيف لا أقلق ؟ منذ الصباح حتى الآن وأنت على هذه الحال ، سيحين وقت الصلاة يا جدي . </p>
<p>وما كدت أنتهي من كلامي حتى شق الفضاء نداء السماء وعلت كلمة الله أكبر . </p>
<p>وبينما كنت استحث جدي ، وارتجي نزوله ، دخل أبي ، فتنفست الصعداء ، ( الحمدلله .. حضر أبي في الوقت المناسب ) ولكن صرخة قوية من جدي أفزعتنا ، وركضنا سراعًا نحوه ، وهو يصرخ : آه .. آه .. وكانت ( الآه ) منه طويلة ومبحوحة . </p>
<p>ماذا حدث ؟ لقد أصابته السكين الحادة ، في اثنين من أصابعه ، وفار دمه ، صعد أبي حتى نصف السلم وهو يناديه بإشفاق : أبي .. أعطني يدك .. هيا .. ارفع أصابعك عاليًا وناولني يدك الأخرى . أمسك أبي بيد جدي ، هابطًا به إلى أسفل ، يحاول جاهدًا ألا يسمعه كلمة لوم .. أو عتاب . </p>
<p>حاولت أن أعين أبي ، أن أقترب من جدي وأفعل شيئًا ، ولكني تسمرت في مكاني ، فمنعني إحساس الألم في عينيه وانعقاد حاجبيه وكلماته التي يرددها آنذاك : </p>
<p>لا حول ولا قوة إلا بالله .. إنا لله .. إنا لله . </p>
<p>بعد لحظات كان أبي ينطلق بجدي كالريح نحو المركز الصحي ، وبقيتْ جدتي تبكي في صمت ، التفتُّ صوبها ، ودمعة ساخنة تنحدر من عيني ولسان حالي يقول : مسكين جدي .. ترك عمتنا النخلة ، وفاتته الصلاة في المسجد . </p>
</body>
</text>
</tei.2>


