﻿<?xml version="1.0" encoding="utf-8" ?>
<tei.2>
<teiHeader id="S18">
<fileDesc>
<titleStmt>
<title> فرسان المائدة المستديرة </title>
<author> نورة محمد فرج </author>
<respStmt><resp>compiled by</resp>
<name>Latifa Al-Sulaiti</name></respStmt>
</titleStmt>
<publicationStmt>
<publisher> Bahrain Press </publisher>
<pubPlace> Bahrain </pubPlace>
<date>2001</date>
</publicationStmt>
<sourceDesc>
<p>created in machine-readable form in http://www.ArabicStory.net</p>
</sourceDesc>
</fileDesc>
<encodingDesc>
<projectDesc>
<p>Texts collected for use in the
    Corpus of Contemporary Arabic project, June, 2003</p>
</projectDesc>
<samplingDecl>
<p>Whole text of 660 words copied from the site</p>
</samplingDecl>
</encodingDesc>
<profileDesc>
<creation>
<date value="1992-08">August 1992</date>
<rs type="city">Manaama, Bahrain</rs>
</creation>
<langUsage>Arabic</langUsage>
<textClass>
<textDesc n="novel">
<channel mode="w">print; written</channel>
<constitution type="single"/>
<derivation type="original"/>
<domain type="art"/>
<factuality type="fiction"/>
<interaction type="none"/>
<preparedness type="spontaneous"/>
</textDesc>
<particDesc>
<person id="P1" sex="F" age="mid">
<birth date="1979">
<date>1979</date>
<name type="place">Doha, Qatar</name>
<nationality>=Qatari</nationality>
</birth>
<firstLang>Arabic</firstLang>
<langKnown>Unknown</langKnown>
<residence>Long term resident of Bahrain</residence>
<education>University postgraduate</education>
<occupation>Unknown</occupation>
</person>
</particDesc>
</textClass>
</profileDesc>
</teiHeader>
<text>
<body>

<p>فرسان الأشياء المدسوسة</p>
<p>وصيفتي السمراء، كانت تمشط لي شعري كل صباح، تهمس في أذني كلما أزاحت الخصلات عنها، تقول: ستكبرين، ستصبحين أميرة كتلك الأميرات، وسيركع عند قدميك فرسان شجعان وسيمون. كنت ابتسم لكلامها وأصمت، وأفكر بالأميرات الجميلات في كتب الحكايات، وبالفرسان الشجعان الذين يجلسون في الأسفل. </p>
<p>ما أن تنتهي الوصيفة مني، وتتركني، حتى أرفع فستاني قليلاً، بأطراف أصابعي، خوف أن يتجعد، وأركض إلى كتب الحكايات، أعيد قراءتها، وانظر إلى أميراتها، وأتساءل كيف سأكون مثلهن، وشعري أسود، وهن ذهبيات الشعر. أبحث بين الصور عن أميرة بشعر أسمر، فأجد، ولكن بعيون زرقاء، وليست عيني كذلك. </p>
<p>حين المساء، كنت أتجول كيف أشاء، حتى ساعة معلومة. تتناهى إلى سمعي أصوات عالية، نقاشات حادة أحياناً، وضحكات قوية أحياناً أخرى، فأتسلل إلى تلك الغرفة لحظات، لأراقب الفرسان الذين تمنيني وصيفتي بمثلهم. التصق بالشباك الخشبية المنمنمة، حيث لم يكن بمقدورهم رؤيتي، وأطل بعيني من خلال أحد الثقوب. </p>
<p>كانوا يجلسون حول مائدة مستديرة، يتحدثون، يتجادلون، لم أكن أصغي إلى ما يقولون، حاولت مرة، ولم أفهم شيئاً، فاكتفيت برؤيتهم. بحثت عن سيوف، أو دروع، أو خوذات، لكنني لم أجد. </p>
<p>كانوا جميعاً ذوي أكتاف عريضة، وشوارب كثيفة، وملامح خشنة، وساخرة أيضاً. واحد فيهم كان وسيماً، لكن ملامحه مزمومة دوماً. رأيته مرة يضحك، ففرحت جداً، وصرت أرقبه وحده، وأرقب ابتسامته دوماً. </p>
<p>في الليل، كنت أستيقظ. أقرفص على سريري، وأزيح الستار عن النافذة، أحدق في السماء. لا أذكر أنني رأيت نجمة، أما القمر فكان بعيداً. أفكر في ذلك الفارس الوسيم، أتساءل عن اسمه، عن عمره، عما يحب. وأتخيل نفسي أقابله وأكلمه. وأشعر بالأسى حين أفكر في عمره، وعمري. وقبل أن يطل الفجر، ألملم كل أفكاري وأحلامي، واندس تحت لحافي. </p>
<p>* * *</p>
<p>ذات ليلة، أطل الفجر، وكانت القرفصة أمام النافذة دافئة أكثر من سريري. أغمضت عيني وتركتهما. </p>
<p>فتحتهما على أصوات من الأسفل، لم أتبين العبارات، فرّكت عيني وحدقت ما استطعت من النافذة، رأيت فارسين يحملان في أيديهما شيئاً ويذهبان به. بقيت أرقب. أخذوا الشيء إلى حفرة كانت هناك لم ألاحظها حتى وصلوها، دسوه في الحفرة. وغطوه بالتراب. </p>
<p>ماذا كان في تلك الحفرة؟ الحفرة كانت في حديقة صغيرة، معشبة مسورة بأشجار الورد. كيف يدخلون الحديقة فيما دخولها ممنوع علينا؟ </p>
<p>بقيت أرقب كل ليلة، كل أول صباح، كان الحدث متكرراً في ساعة معينة، إذا لم يظهر الفرسان والشيء حتى انقضائها، أفهم أن لا شيء اليوم لديهم يدسونه. كان ذلك يحدث على فترات متفاوتة، تمر أيام أحياناً، بلا شيء يدس في حفرة، وأحياناً يخرجون لدس شيئين اثنين. </p>
<p>ذلك الصباح، رأيت فارسي الوسيم، رفقة فارس آخر، يحملان شيئاً. ابتهجت لمرأى فارسي، شعرت بصدري تقرع جدرانه، وبحرارة تغمر جسدي، فتحت النافذة كي تستطيع عيناي ملاحقته قدر الإمكان. سمعت صوته قوياً عميقاً، أرهفت أذني أكثر، كانا يتحدثان عن الشيء الملفوف، قالا: (خفيفة جداً)، وقال فارسي: (إنها جميلة جداً). وتحول بعدها صوتهما إلى تهويمات لم أتبينها. </p>
<p>ما هي؟ </p>
<p>لم أنم يومها، ولم أنم بعدها. </p>
<p>شيء جميل يُدس في حفرة، ما هو؟ أو ما هي؟ لماذا يدسون الأشياء الجميلة في الحفر؟ بعدها انتظرت، ذاك الزمن حيث المكان ما زال ساكناً. أول الصباح، مرت ساعة الفرسان بلا فرسان. تسللت بخفية وبخوف إلى الخارج، إلى الحديقة ذات الحفر، وقفت حيث لم يكن مسموحاً لي بالوقوف، اتجهت صوب المكان الذي رأيت فارسي يدس فيه الشيء الجميل. كان أثر الردم ما زال واضحاً. </p>
<p>حفرت قليلاً بأصابعي، حتى اصطدمت بشيء صلب. أزحت المزيد من التراب، رأيت غطاءاً من قماش أبيض قد لوثه التراب. كان قلبي يدق بعنف. وكنت أتلفت، لكنني واصلت، دسست أصابعي بين ثنيات القماش، لم يستجب، أدخلت أصابعي وسطه بعنف شديد، شعرت بشيء بارد، تراجعت أصابعي خائفة، ونظرت إليه. </p>
<p>* * *</p>
<p>بكيت وبكيت وبكيت. </p>
<p>* * *</p>
<p>لم أنم يومها، ولم أنم بعدها. بابي يُفتح كل ليلة ولا يُفتح، يأخذونني من غرفتي ولا يأخذوني، مع كل حركة لمقبض الباب، يرتعش قلبي، ويهرع إلى نافذتي المطلة على حديقة الأشياء الجميلة المدسوسة في التراب، يلقي بنفسه. يحفر حفرة، ويدس نفسه.</p>
</body>
</text>
</tei.2>

