﻿<?xml version="1.0" encoding="utf-8" ?>
<tei.2>
<teiHeader id="S19">
<fileDesc>
<titleStmt>
<title> العـمـى </title>
<author> نورة محمد فرج </author>
<respStmt><resp>compiled by</resp>
<name>Latifa Al-Sulaiti</name></respStmt>
</titleStmt>
<publicationStmt>
<publisher> Bahrain Press </publisher>
<pubPlace> Bahrain </pubPlace>
<date>2001</date>
</publicationStmt>
<sourceDesc>
<p>created in machine-readable form in Http://www.ArabicStory.net</p>
</sourceDesc>
</fileDesc>
<encodingDesc>
<projectDesc>
<p>Texts collected for use in the
    Corpus of Contemporary Arabic project, June, 2003</p>
</projectDesc>
<samplingDecl>
<p>Whole text of 549 words copied from the site</p>
</samplingDecl>
</encodingDesc>
<profileDesc>
<creation>
<date value="1992-08">August 1992</date>
<rs type="city">Manaama, Bahrain</rs>
</creation>
<langUsage>Arabic</langUsage>
<textClass>
<textDesc n="novel">
<channel mode="w">print; written</channel>
<constitution type="single"/>
<derivation type="original"/>
<domain type="art"/>
<factuality type="fiction"/>
<interaction type="none"/>
<preparedness type="spontaneous"/>
</textDesc>
<particDesc>
<person id="P1" sex="F" age="mid">
<birth date="1979">
<date>1979</date>
<name type="place">Doha, Qatar</name>
<nationality>=Qatari</nationality>
</birth>
<firstLang>Arabic</firstLang>
<langKnown>Unknown</langKnown>
<residence>Long term resident of Bahrain</residence>
<education>University postgraduate</education>
<occupation>Unknown</occupation>
</person>
</particDesc>
</textClass>
</profileDesc>
</teiHeader>
<text>
<body>
<p>قالت لنا المعلمة: أريد منكن أن ترسمن مدينتكن. </p>
<p>أخرجنا الأقلام والألوان ودفاتر الرسم، وبدأنا. </p>
<p>ماذا سأرسم؟ أولاً الأشجار. أي أشجار؟ لم أر هنا سوى النخيل، وأشجار أخرى قصيرة يابسة. النخيل جميل، سأرسم الكثير منها. وأرسم الكثير منها، بأطوال مختلفة على الورقة. </p>
<p>وماذا أرسم أيضاً؟ في خلفية اللوحة سأرسم البيوت. رسمتُ أشكالاً مستطيلة ومربعة. هل أرسم الأبواب؟ ولكن للبيوت أسوار عالية تحجب أبوابها. تركت الأبواب ورسمت بدلاً عنها أسواراً. والنوافذ؟ في بيتنا نوافذ كثيرة، لكنني لم أرهم يوماً يفتحون أي واحدة منها، إذن، لا فائدة من النوافذ، لن أرسمها. </p>
<p>الناس، أين أرسم الناس؟ هذا هو الشارع. شوارعنا لا أحد يسير فيها، فقط السيارات. إذن سأرسم سيارات كثيرة. رسمتُ سيارات مختلفة، رسمت داخل السيارة العالية رجلاً بشارب، يرتدي غطاء رأس. الشبان يحرصون على استقامة غطاء الرأس وعدم تعرضه للتجعد. رسمت غطاء رأسه مستقيماً جداً. رسمته بالمسطرة. </p>
<p>والنساء؟ ليس هناك نساء يمشين في الشوارع هنا. سأرسم واحدة تهم بركوب أحد السيارات. صديقات أختي يستخدمن الكثير من الماكياج، سأرسم للفتاة كحلاً وألون خديها وشفتيها بالأحمر. وشعرها بأي لون؟ سأجعله أصفر أو برتقالي. نعم. ملابسها سوداء فقط، لا يظهر شيء من ملابسها الملونة. </p>
<p>الأرصفة. رمادية رمادية بلا نهاية. </p>
<p>هذه هي المدينة. </p>
<p>حين انتهيتُ، رفعت إصبعي وترقبت مجيء المعلمة كي تمدح لوحتي، أصغيت برهبة إلى صوت كعب حذائها يقترب مني، حتى رأيتها أمامي. </p>
<p>رفعتْ لوحتي بين يديها، أعلم أنها تحدق فيها. أشعر بالخجل، لا أستطيع أن أرفع وجهي إليها. ببطء وحذر أرفع عيني. وإذا الورق يلوح وجهي بعنف، قذفت دفتر رسمي على الدرج أمامي. شعرت بشيء يخنقني، وبرغبة لأن انفجر بالبكاء.. لماذا؟ </p>
<p>أخذت تشير إلى اللوحة بإصبعها، ما هذه اللوحة البشعة؟ ألا تعرفين سوى اللون الرمادي؟ أين الأشجار ؟ ألم تري أبداً شجرة في حياتك ؟ وهذه المربعات هل تسمينها بيوتاً؟ أين الأبواب والنوافذ؟ كيف سيدخل ويخرج منها الناس؟ هل هم أشباح كي يخرجوا ويدخلوا بدون أبواب؟ أليس في منزلكم شبابيك؟ والناس؟ أين الناس؟ رجل واحد في السيارة، وما هذه القبعة العجيبة على رأسه؟ وفتاة واحدة فقط، ملابسها سوداء ؟ أليس لديك ألوان أخرى في علبتك كي تستخدمينها ؟ أم أن اللون الأحمر نفد وأنت تلونين وجهها بهذه البقع الكبيرة ؟ وهذا الشعر الأصفر ؟ ما لون شعرك أنتِ؟ أليس أسودا؟ </p>
<p>سحبتْ الدفتر من أمامي، أمسكتْ الورقة ومزقتْها، وقالت: أعيدي الرسم مرة أخرى. </p>
<p>شعرت بأشياء كثيرة تتجمع في حلقي، تتصاعد وتتضخم، أغشية كثيرة تغلف عيني، أفركهما وأمسح الدمع، فيعود. </p>
<p>أمسكت القلم وأخذت أرسم خطوطاً، كانت الخطوط مرتعشة، نظرت إلى وجه المعلمة بسرعة، وأخفضت نظري. كم تمنيت لو آخذ نظارتها، وأحطمها. تمنيت لو أمسك منديلاً وأمسح به البقعة الحمراء من على شفتيها، ثم ألوث وجهها كله به. تمنيت أن آخذ مقصاً وأجز شعرها المصبوغ، لن أترك لها سوى جذوره السوداء. </p>
<p>بقيت أدافع تلك الأشياء المتجمعة في حلقي، تتضخم وتؤلمني، وأدفعها. حتى دق الجرس وخرجنا. </p>
<p>كانت ساحة المدرسة رمادية، لون الإسفلت. وكانت هناك شجيرات باهتة صغيرة. حين خرجت من سور المدرسة تطلعت إلى الشوارع والبيوت، رأيت سيارات كثيرة ولم أر أحداً يمشي، رأيت البيوت ولم أر أبوابها، أعلم تماماً أن لها أبواباً يدخل الناس منها ويخرجون، ولكن أسواراً عالية تحيط المنازل. </p>
<p>لماذا مزقت لوحتي إذن؟ كم أتمنى أن أكسر نظارتها فلا تعود ترى.</p>
</body>
</text>
</tei.2>

