﻿<?xml version="1.0" encoding="utf-8" ?>
<tei.2>
<teiHeader id="S20">
<fileDesc>
<titleStmt>
<title> لحظات من الزمن الصعب </title>
<author> سارة النواف </author>
<respStmt><resp>compiled by</resp>
<name>Latifa Al-Sulaiti</name></respStmt>
</titleStmt>
<publicationStmt>
<publisher> Bahrain Press </publisher>
<pubPlace> Bahrain </pubPlace>
<date>2001</date>
</publicationStmt>
<sourceDesc>
<p>created in machine-readable form in http://www.ArabicStory.net</p>
</sourceDesc>
</fileDesc>
<encodingDesc>
<projectDesc>
<p>Texts collected for use in the
    Corpus of Contemporary Arabic project, June, 2003</p>
</projectDesc>
<samplingDecl>
<p>Whole text of 1489 words copied from the site</p>
</samplingDecl>
</encodingDesc>
<profileDesc>
<creation>
<date value="1992-08">August 1992</date>
<rs type="city">UAE</rs>
</creation>
<langUsage>Arabic</langUsage>
<textClass>
<textDesc n="novel">
<channel mode="w">print; written</channel>
<constitution type="single"/>
<derivation type="original"/>
<domain type="art"/>
<factuality type="fiction"/>
<interaction type="none"/>
<preparedness type="spontaneous"/>
</textDesc>
<particDesc>
<person id="P1" sex="F" age="mid">
<birth date="1944-01-12">
<date>12 Jan 1944</date>
<name type="place">Manaama, Bahrain</name>
<nationality>=Bahraini</nationality>
</birth>
<firstLang>Arabic</firstLang>
<langKnown>Unknown</langKnown>
<residence>Long term resident of Bahrain</residence>
<education>University postgraduate</education>
<occupation>Unknown</occupation>
</person>
</particDesc>
</textClass>
</profileDesc>
</teiHeader>
<text>
<body>


<p>في زمان معين .. وفي مكان محدد .. نظر إلى ساعته بعد أن رمى بثقله على إحدى المقاعد الخشبية المتناثرة على كورنيش البحيرة الهادئة ..الوقت متأخر وهو غير راغب بالتحرك من مكانه .. بخطوات بطيئة ثقيلة .. اقترب منه رجل كبير في السن وجلس بجواره .. لفت انتباه الرجل حين طرد زفيرا قويا من أعماقه فسأله " أراك تجلس متعبا .. هل تمشي كنوع من الرياضة؟؟" </p>
<p>أجاب بلا تردد دون أن يكلف نفسه عناء النظر إلى محدثه " لا .. أمشي لأنسى همومي .. لأنسى أنني موجود " </p>
<p>نظر إليه الرجل الأشيب قائلا " لم كل هذا التشاؤم .. لا تزال شابا وتنظر إلى الحياة بهذا المنظار الأسود " </p>
<p>أجابه الشاب " أنا لا أشكو من الحياة .. بل ممن يعيشون فيها .. من الناس .. من الأهل .. والأقارب والأصدقاء .. الجميع بلا استثناء " </p>
<p>ضحك محدثه بملء فيه قائلا " الأقارب .. الأصدقاء هم سندك في هذه الحياة .. والأهل هم أساس وجودك .. فكيف تشكو منهم ؟" </p>
<p>أجابه بانفعال واضح " لا تقل أهل وأقارب .. بل عقارب " </p>
<p>انكمش الآخر في مكانه متقززا " أعوذ بالله .. استغفر ربك " </p>
<p>التفت إليه الشاب بكامل جسده .. حدجه بنظرة غريبة قائلا " أنت لا تعلم شيئا .. فلا تحكم عن جهل " </p>
<p>أحس الرجل أن هناك أمرا في نفس الشاب " أخبرني .. إن كنت لا تمانع .. ما الذي يملأ نفسك غضبا ؟" </p>
<p>استند الشاب إلى ظهر المقعد .. وحدق ببصره في الفضاء " أمور كثيرة حدثت .. وكنت أتجاوزها .. ولكن هذه المرة .. لم يعد بإمكاني التحمل أكثر " </p>
<p>سكت الآخر منصتا فأكمل الشاب " لا يمكنني التحمل حين رأيت أحد أصدقائي قد أشاح بوجهه بعيدا عني في إحدى الأمسيات .. دنوت منه " ما بك يا صديقي ؟" </p>
<p>أجابني باقتضاب " لاشيء .. ظروف المنزل .. والعمل والحياة " دنوت منه أكثر " لا يا صديقي .. الأمر يبدو أدهى وأمر .. بالله عليك أخبرني " </p>
<p>فأجابني بكل جفاء " لو سمحت .. ابتعد عني .. انتهى ما كان بيننا من أمر المودة والصداقة " </p>
<p>تركني مذهولا وغادر المكان دون أن يضيف كلمة أخرى " </p>
<p>قاطعه الرجل الأشيب " وهل تركته يذهب دون أن تستفسر منه لتفهم خبايا المشكلة ؟" </p>
<p>أجاب الشاب " لا.. لم أترك الأمر يمر بسهولة .. أتريدني أن أخسر أعز أصدقائي بكل بساطة .. المهم .. سألت أحد الأصدقاء ..أتعرف ما قال لي ؟؟" </p>
<p>هز الرجل رأسه نافيا ومشجعا الآخر على الاستمرار في الحديث " أتصدق أن أحد أقاربي .. وهو صديق مشترك .. نقل عني حديثا لم أقله إلى صديقي هذا .. حديثا زعم أني تفوهت به عن أهله بصورة تخدش الحياء " </p>
<p>فقاطعه الرجل " حسنا .. الأمر بسيط .. اجمعهما وواجه الكاذب أمام صديقك " </p>
<p>نظر إليه الشاب وابتسامة باهتة على وجهه " أو تظنني لم أفعل ذلك ؟؟.. جمعتهما في مكان واحد .. وكنت أنا الثالث .. قريبي .. كان كالأفعى .. يدور .. يدور . وفي كل مرة يغير جلده .. يكذب كذبة جديدة ليرقع بها كذبة قديمة .. نظرت إليه .. أحسسته عاريا أمامي إلا من رقع صغيرة من الكذب تكشف أكثر مما تستر .. كرهته .. بصقته من حياتي " </p>
<p>فقال الرجل الأشيب " نعم ما فعلت .. إنسان حقير كهذا من الأفضل أن تبتعد عنه لتعيش سعيدا .. إن جاورته ستكون حياتك مرقعة بالكذب كحياته .. ولكن .. يا بني .. هذا واحد من كل .. ولا أظن أن الجميع مثله " </p>
<p>أجابه الشاب وعيناه تتابع الأمواج التي كونها قارب عابر " الجميع .. طبول تمشي .. أصواتها عالية .. وأشكالها جميلة .. وفراغ قاتل في المضمون .. عقول تافهة علاها الصدأ .. وتآكل كل ما غطاه الصدأ" </p>
<p>التفت إلى الرجل الأشيب قائلا " أو تظن أن الأمر عاد كما كان ...أن علاقتي بصديقي ستكون كعهدها السابق ...للأسف ..لم ولن يحدث هذا أبدا " </p>
<p>قال الرجل وهو ينهض من مكانه " يكفي ما سمعته .. يكفي " </p>
<p>قالها وابتعد عن الشاب تاركا إياه يندب حظه الذي رماه في جوف هذا الزمن . </p>
<p>* * *</p>
<p>* * *</p>
<p>* * *</p>
<p>في زمان معين .. وفي مكان محدد .. نظر إلى ساعته .. ثم نظر إلى والده المشدود إلى الفيلم الذي يعرضه جهاز الفيديو .. فيلم أجنبي .. كله حركات بهلوانية وإطلاق نار ودماء ودمار .. مما جعل والده يجلس كالتمثال أمام الجهاز .. نظر إليه في صمت .. يمكن لأي شخص أن يعرف أحداث الفيلم من حركاته وملامح وجهه .. فهو يجلس على حافة المقعد ويضم يديه متوترا قلقا حين يقع البطل في الأسر .. أو يتعرض للضرب من قبل الأعداء .. أما إذا بدت السعادة على ملامحه .. يكون البطل قد داهم الأعداء .. أو لم يرم بكامل أسلحته .. وحين يحرك يديه في الفراغ .. فهذا يعني أنه يطلب من البطل أن يضرب الأعداء هكذا وهكذا .. أما إن استند إلى ظهر المقعد ونظر إلى الفراغ بوجوم .. فهي إشارة أن الفيلم انتهى . </p>
<p>زاغت عيناه وهو يراقب والده .. تملكه الضيق .. فقال " إلى متى ستظل هكذا يا أبي ؟" </p>
<p>بعد فترة صمت أجابه " وما المطلوب مني فعله .. ولم أفعله ؟" </p>
<p>أجاب الابن " أريدك أن تحدثني.. أتيت لزيارتك .. منذ أكثر من ساعة وأنت غير مكترث بي .. تتجاهلني بمتابعة الفيلم" </p>
<p>فقال العجوز متهكما " اعذرني إن نسيت أن أقف لك احتراما " </p>
<p>أجابه متضايقا " يا أبي .. أتيت لزيارتك .. فلم تعاملني .." </p>
<p>قاطعه الأب " أتيت برغبتك .. أم بعد اتصال المشرفين بك .. لعدة مرات .. لعدة أشهر " </p>
<p>أجاب متلعثما " كنت .. مشغولا .. أعمالي .. سفراتي .. البيت .. والأولاد .. و .. " </p>
<p>سكت الابن ونظر إليه الأب " هه .. حسنا .. وماذا بعد .. هل نسيت باقي الأعذار " </p>
<p>سكت الأب بعد أن نظر إلى ابنه بعتاب .. لم يكن له .. بل للزمن .. سكت الابن .. طالت فترة الصمت وخلال ذلك امتدت يد ووضعت فيلما جديدا في جهاز الفيديو .. وعاد الأب كالتمثال أمام الجهاز .. نظر الابن حوله .. يتلفت حوله .. فقد يكون هناك من لاحظ الموقف أو انتبه لما حدث .. لم يجد من يبالي .. فبعضهم يلعب الدومينة .. والبعض الآخر يتحدث في موضوعات تافهة . </p>
<p>* * *</p>
<p>** </p>
<p>في زمان معين وفي مكان محدد .. نظر إلى ساعته .. ساعة جميلة كلفته خمسة دراهم .. أعجبته كثيرا حين رآها في المحل بشكلها المغمور في الماء " خمسة دراهم " رددها للبائع بدهشة " أتقول خمسة دراهم ؟" </p>
<p>وبينما هو غارق في التفكير .. يتأمل ساعته الثمينة .. سمع حوله حركة وجلبة .. تلفت حوله " أوه سيارة فارهة " </p>
<p>تراكض الصبية إلى السيارة .. تحلقوا حول قائدها .. كل يحمل كرتونا على رأسه عسى أن يطلب منه أحد أن يحمل له مما يباع في السوق . </p>
<p>لم يتحرك من مكانه .. فقد سبقه أقرانه وأختار الرجل واحدا منهم وعاد البقية خائبين .. ينتظرون سيارة أخرى . </p>
<p>بعد انتظار قصير توقفت بجانبه سيارة نزلت منها سيدة يرافقها طفل في مثل عمره .. جرى إليها .. نظرت إليه باشمئزاز قائلة " اتبعني " وكما طلبت .. تبعها .. عيناه لا تفارقان الطفل الأنيق .. ملابسه .. رائحة عطره .. شعره المصفف .. لاحت منه التفاتة إلى زجاج إحدى المحلات ..نظر إلى نفسه " ما هذه الملابس الرثة ؟؟.. لا هي قصيرة ولا هي طويلة .. محجوزة بين الركبة والقدم " نظر إلى أقدامه الحافية " حتى ساقاي كأنهما عودا قصب .. شعري الأغبر الأشعث .. وهذا الكرتون على رأسي .. " </p>
<p>تنهد بعمق حزنا على نفسه .. وبينما هو غارق في تأملاته وحسرته أحس فجأة أن الكرتون ازداد وزنه وانتبه إلى أن السيدة تضع حوائجا اشترتها .. زاد من همته وقوته حتى لا يقع الكرتون عن رأسه .. نظرت إليه السيدة باحتقار قائلة " اتبعني" </p>
<p>وكما طلبت .. عاد يتبعها .. توقفت أمام بائع الخضار وطلبت الكثير .. الكثير الذي سيحمله هو .. وضع البائع الأكياس في الكرتون الذي أصبح ثقيلا .. ولم ينس أن ينهره ليحمل الكرتون بعناية .. أصبحت رقبته كوتد مغروز بين كتفيه يكاد أن يقع في جوفه .. نظر إلى الطفل الأنيق .. تحامل على نفسه ورسم ابتسامة لم يهتم بها قرينه بل تناول كيسا من البائع .. حمله ومشى بجوار أمه . </p>
<p>بعد عدة خطوات انتبهت هي .. ونظرت إلى طفلها " أوه .. ماما .. حبيبي .. لا .. هذا ثقيل عليك .. أنت لا تستطيع حمله " </p>
<p>أخذت منه الكيس ورمته في الكرتون .. على رأس حامل الأثقال .. ضمت ابنها إلى صدرها فخورة " سيفرح بابا حين يعرف أنك تساعد ماما " </p>
<p>ابتهج الطفل ومشى مغرورا بجوار أمه بينما الآخر يكاد أن يختنق تحت الكرتون لولا أن وصلت السيدة إلى سيارتها .. ورمى بحمله في الصندوق الخلفي . </p>
<p>نقدته ورقة من فئة الخمس وهي تحاذر أن تلمسه.. دس الورقة في جيبه وجرى .. جرى بعيدا عن السيدة والطفل .. جلس في إحدى الزوايا البعيدة .. لم يعد يتأمل ساعته .. بل كان يفكر في أمه .. ومتى كانت آخر مرة ضمته إلى صدرها .</p>
</body>
</text>
</tei.2>

