﻿<?xml version="1.0" encoding="utf-8" ?>
<tei.2>
<teiHeader id="S21">
<fileDesc>
<titleStmt>
<title> الشجرة والكلب الأسود </title>
<author> سارة النواف </author>
<respStmt><resp>compiled by</resp>
<name>Latifa Al-Sulaiti</name></respStmt>
</titleStmt>
<publicationStmt>
<publisher> Bahrain Press </publisher>
<pubPlace> Bahrain </pubPlace>
<date>2001</date>
</publicationStmt>
<sourceDesc>
<p>created in machine-readable form in http://www.ArabicStory.net</p>
</sourceDesc>
</fileDesc>
<encodingDesc>
<projectDesc>
<p>Texts collected for use in the
    Corpus of Contemporary Arabic project, June, 2003</p>
</projectDesc>
<samplingDecl>
<p>Whole text of 909 words copied from the site</p>
</samplingDecl>
</encodingDesc>
<profileDesc>
<creation>
<date value="1992-08">August 1992</date>
<rs type="city">UAE</rs>
</creation>
<langUsage>Arabic</langUsage>
<textClass>
<textDesc n="novel">
<channel mode="w">print; written</channel>
<constitution type="single"/>
<derivation type="original"/>
<domain type="art"/>
<factuality type="fiction"/>
<interaction type="none"/>
<preparedness type="spontaneous"/>
</textDesc>
<particDesc>
<person id="P1" sex="F" age="mid">
<birth date="1944-01-12">
<date>12 Jan 1944</date>
<name type="place">Dubai, UAE</name>
<nationality>=Imarati</nationality>
</birth>
<firstLang>Arabic</firstLang>
<langKnown>Unknown</langKnown>
<residence>Long term resident of Bahrain</residence>
<education>University postgraduate</education>
<occupation>Unknown</occupation>
</person>
</particDesc>
</textClass>
</profileDesc>
</teiHeader>
<text>
<body>

<p>أزاح الغطاء عن وجهه .. رآها كما يراها كل يوم .. تقف بغضب عند رأسه .. تنظر إليه بعتاب ولوم وتأنيب .. و .. " هيا .. استيقظ أيها الكسول .. هيا إلى الشجرة .. حاول اليوم مرة أخرى " </p>
<p>أجابها مالاً من الموضوع وراغبا في المزيد من النوم " تعبت من المحاولة " </p>
<p>سحبت عنه الغطاء وقالت له بلهجة آمرة " قلت لك هيا .. هيا .. أمامي ولا داعي لتضييع الوقت .. فهي فرصة وقد تفوت .. قد يأخذها غيرك ولن تجد أمامك فرصة أخرى " </p>
<p>حاول الاعتراض قائلا " ولكن .. " لم تدعه يكمل إذ أنها قالت بحزم وهي تسحب الغطاء " قلت لك هيا .." </p>
<p>في الطريق يهرول حافيا .. يحاول تفادي الأحجار الصغيرة التي تخزه .. كلب أسود يجري خلفه .. يدب الخوف في نفسه ولولا بقية من شجاعة كانت في نفسه لعاد جريا إلى المنزل . </p>
<p>يقف .. ويتناول حجرا من الأرض .. يرميه محاولا إخافة الكلب .. ولكن .. " لا فائدة .. حتى الكلب يعرف أني ضعيف " </p>
<p>تتراءى له الشجرة .. لا تزال بعيدة .. وهذا الطريق المؤلم الذي لابد أن يقطعه ليصل إليها " حتى وأنا تحت الشجرة .. تكون بعيدة عني " </p>
<p>ينظر إليها .. الصراع اليومي الذي يدور تحتها .. الكل يحاول الوصول وانتزاع الكيس المعلق بأحد أغصانها .. قد يحوي كنزا .. أو ذهبا .. أو حتى نقودا .. هو لا يعرف ما يحويه هذا الكيس ولا غيره من المزدحمين يعرف ... ولكن لا يهم ذلك .. المهم أن يحصل على الكيس أولا .. ثم بعد ذلك يكتشف ما بداخله .. هكذا تكون الأمور منطقية بالنسبة له .. تباطأت خطواته وهو يقترب من الصراع الدموي .. رأى أحدهم قادما من تلك الناحية " يبدو مصابا .. إذ أنه يعرج في مشيته .. صراع .. الكل يدوس على الكل .. لا يهم أين يضع قدميه .. قد تكون على قدم أحدهم .. أو رأسه .. أو بطنه .. أو رقبته .. الجميع يدوس .. لا وقت لأحد لينظر إلى موقع قدمه .. أو أن يساعد من وقع ..لا وقت ليدير بصره عن الكيس المعلق . </p>
<p>يدفع بكتفه .. هذا وذاك .. ليدخل في الازدحام .. تمتد يداه إلى الأعلى كغيرها من الأيادي .. يقفز .. يدق بقدميه الأرض ويقفز فقد يمسك بالكيس .. يكرر قفزاته .. وتتكرر دقات قدميه على الأرض .. </p>
<p>" ولكن .. ما هذا الذي تحت قدمي ؟؟؟ شيء لين .. وسادة .. أو قربة ماء .. أو " يسمع أنينا مؤلما .. </p>
<p>يردد في نفسه " أوه .. لابد أن أحدهم وقع .. وأنني كنت اقفز على بطنه " </p>
<p>لا وقت لديه لينظر إلى الرجل .. أو يحاول مساعدته .. فهو إن نظر إلى موقع قدمه فلن يستطيع أن يرفع رأسه ليعاود النظر إلى الكيس .. وهو إن تمسك بالنظر إلى الكيس فلن يستطيع أن يميز موقع قدمه .. قد يضعها كما فعل قبل قليل على بطن أحدهم " ولكن .. ما هم .. لست أنا الوحيد الذي داسه .. غيري الكثير ممن داسوا ويدوسون " </p>
<p>كل الذي فعله هو أنه دفع الرجل المجاور له بكتفه وبتلك الطريقة ابتعد عن ذلك الملقى أرضا .. عاود القفز ولكن .. لا فائدة .. لاتصل يداه إلى الكيس .. أحس بالتعب وزاغت عيناه فالشمس بحرارتها تحرق رأسه .. وعيناه تعبتا من التركيز على الكيس .. أحيانا يحاول أن يضيف القليل من التغيير فيحول بصره إلى الغراب الذي يقف على نفس الغصن .. غراب أسود كبير ينظر إلى المتصارعين ببرود ولا يخشاهم .. فقد تعود وجودهم .. من قبل صراع آبائهم وأجدادهم .. والآن صراعهم .. ومن بعد صراع أبنائهم وأحفادهم .. أنفاسه تتسارع .. والعرق يتصبب من جسده بعد أن تمكن منه الإنهاك .. يحاول الانسحاب مقنعا نفسه " نعم .. لم لا أنسحب .. وأقنع بما لدي .. ألا يقولون أن القناعة كنز لا يفنى .. نعم .. سأترك الصراع واللهاث خلف هذا الكيس الذي يحوي المجهول " </p>
<p>يتسلل إلى خارج التجمع .. يجلس بعيدا عنهم .. يدس يده في جيبه ولكنه يخشى تناول قطعة الخبز التي يخفيها .. فالكلب الأسود يقف غير بعيد ينظر إليه نظرة لا يعرف كنهها .. ولكنها تخيفه .. الشمس تتحرك من مكانها وتميل إلى المغيب .. والصراع يخف رويدا رويدا .. فالمتعب ينسحب للراحة .. أو ربما للعودة في الغد .. وقد يجر أحدهم مصابا أو قد يتركه على الأرض حتى يأتي أهله مستغربين تأخره ليجدوه على حاله .. ويحملوه إلى البيت ليعالجوه .. أو.. ليدفنوه . </p>
<p>يمعن النظر بهم حين يمرون من أمامه .." ليسوا رجالا فقط .." يرى النسوة .. الكثير منهن فيردد في نفسه ساخرا " ويقولون جنس ناعم " </p>
<p>بعد غروب الشمس كان الجميع قد انسحب ولا أحد في المكان سواه .. الغراب ترك الغصن وطار إلى جهة غير معلومة .. الكلب الأسود لم يعد له أثر .. ضحك من نفسه ساخرا " حتى الحيوانات عرفت أن الصراع قد انتهى .. فرحلت لتعود في الصباح " </p>
<p>تناول قطعة الخبز وأخذ يقضمها متجها إلى المنزل .. مصمما على عدم العودة إلى هذه الشجرة فهو لا يجني منها إلا التعب والإجهاد " سأنام ليلتي وغدا أحمل حاجياتي وأرحل عن هذا المكان .. أرض الله واسعة .. سأبحث عن رزقي في مكان آخر .. لا صراع ولا قفزات في الهواء " </p>
<p>وفي الصباح الباكر .. كان يقف في منتصف الطريق إلى الشجرة .. يحمل حجرا صغيرا ليرميه على الكلب الأسود محاولا إخافته .</p>
</body>
</text>
</tei.2>

