﻿<?xml version="1.0" encoding="utf-8" ?>
<tei.2>
<teiHeader id="S22">
<fileDesc>
<titleStmt>
<title> درب أم الدويس </title>
<author> سارة النواف </author>
<respStmt><resp>compiled by</resp>
<name>Latifa Al-Sulaiti</name></respStmt>
</titleStmt>
<publicationStmt>
<publisher> Bahrain Press </publisher>
<pubPlace> Bahrain </pubPlace>
<date>2001</date>
</publicationStmt>
<sourceDesc>
<p>created in machine-readable form in http://www.ArabicStory.net</p>
</sourceDesc>
</fileDesc>
<encodingDesc>
<projectDesc>
<p>Texts collected for use in the
    Corpus of Contemporary Arabic project, June, 2003</p>
</projectDesc>
<samplingDecl>
<p>Whole text of 1362 words copied from the site</p>
</samplingDecl>
</encodingDesc>
<profileDesc>
<creation>
<date value="1992-08">August 1992</date>
<rs type="city">Dubai, UAE</rs>
</creation>
<langUsage>Arabic</langUsage>
<textClass>
<textDesc n="novel">
<channel mode="w">print; written</channel>
<constitution type="single"/>
<derivation type="original"/>
<domain type="art"/>
<factuality type="fiction"/>
<interaction type="none"/>
<preparedness type="spontaneous"/>
</textDesc>
<particDesc>
<person id="P1" sex="F" age="mid">
<birth date="1944-01-12">
<date>12 Jan 1944</date>
<name type="place">Dubia, UAE</name>
<nationality>=Imarati</nationality>
</birth>
<firstLang>Arabic</firstLang>
<langKnown>Unknown</langKnown>
<residence>Long term resident of Bahrain</residence>
<education>University postgraduate</education>
<occupation>Unknown</occupation>
</person>
</particDesc>
</textClass>
</profileDesc>
</teiHeader>
<text>
<body>

<p>تمشي .. تحث الخطى .. تلتصق بالجدار الرطب .. تنصت أكثر .. لعل الصوت يدلها على مصدر الضوء الخافت الذي كلما تدنو منه ويخالجها إحساس أنها وصلت .. تفاجأ أنها لا تزال بعيدة. </p>
<p>نقاط مطرية باردة تهطل على رأسها وكتفيها .. تزاد أحيانا وتكون غزيرة .. وتكاد أحيانا أن تتوقف .. ترفع عباءتها وتغطي رأسها لتحمي نفسها من البلل ولكن عباءتها تجمع مياه المطر لتسيل على ثوبها فيرتجف بردا جسدها المرتجف خوفا .. رائحة المطر غريبة في البيوت الخربة .. بيوت بلا أسقف أو أبواب أو نوافذ .. بقايا خربة لبيوت كانت ذات يوم عامرة .. قدماها تغوصان في بحيرات المياه الصغيرة التي تملأ الأزقة والمداخل .. مزيج من الطين والوحل يلطخ ساقيها وثيابها .. تتابع السير .. نباح كلب يليه مواء قطة وأصوات تلاطم وتدافع . </p>

<p>" ما الذي جاء بي إلى هذه الخرابة ؟.. حمقاء .. مجنونة .. لا .. بل الشيطان الذي يسكن عقلي هو الذي يقود خطاي .. لعنة الله علي وعلى أفكاري " </p>
<p>تتأرجح بين العودة والاستمرار .. تود أن تكشف أمرا فكرت طويلا به </p>
<p>" سأستمر .. وليكن ما يكون" </p>
<p>تنتقل بين الغرف .. تستنشق الهواء عله يحمل عطرا .. تتوخى الحرص في خطوتها فقد تدوس على صدى أنفاس .. تلتفت حولها .. ظلمة حالكة.. لا يبدد سوادها إلا برق يومض لثوان قصيرة .. مزيج من الرهبة والخوف .. أما الفضول فهو في ازدياد كلما دخلت غرفة ولم تجد ضالتها .. وعند باب خشبي متآكل ، ترددت قبل أن تدفع الباب بيدها الباردة خوفا .. أنين متوجع صدر من الباب القديم .. دلفت إلى الغرفة الرطبة .. جدران متهالكة.. قطرات ماء تتساقط صفراء مصطبغة بلون السقف المتداعي .. رائحة نتنة أزكمتها .. وللحظة فقط انتشر ضوء في الغرفة .. لحظة لا يمكن عدها بالثواني .. كانت كافية لتلمحها .. امرأة في زاوية الغرفة .. تجلس على حصيرة قديمة بالية . </p>
<p>تراجعت خوفا " أهي شبح ؟.. أم فعلا امرأة .. أم قد تكون من نسج خيالي " </p>
<p>التصقت بالجدار الرطب.. أحست بوخز الأحجار في ظهرها .. لم تأبه .. فهاهي الآن في نقطة اللاعودة .. " سأنتظر حتى يومض البرق مرة أخرى لأتبين إن " </p>
<p>لم تكمل حديثها لنفسها حين سمعت صوتا هامسا يقول لها </p>
<p>" ما بك .. هل أنت خائفة؟؟" </p>
<p>تلعثمت " لا.. نعم .. أنا خائفة .. أنا .. من أنت؟" </p>
<p>أجابتها بمرح" هيا لا تخشي شيئا .. تقدمي واعذريني فأنا لا أملك من أمور الضيافة شيء .. ما رأيك هل تشاركيني الجلوس على الحصيرة " </p>
<p>تقدمت نحوها ولكنها فضلت أن تبقى بعيدة نوعا ما .. جلست على قطعة خشب رطبة في حين سألتها " حسنا .. من أنت ولم أتيت إلى هنا ؟" </p>
<p>" كنت .. كنت .. أبحث .. ربما عنك" </p>
<p>" تبحثين عني؟؟.. ولم ؟؟ في مثل هذه الليلة .. الكل يختبئ في بيته حيث الدفء والراحة ، حتى الحشرات تختبئ في شقوق الجدران ، وأنت تخرجين للبحث عني ؟" </p>
<p>سكتت لحظة ثم أردفت بخبث " آه .. نعم .. نعم ، هل غاب عنك شخص معين " </p>
<p>أجابتها لتنفي عن نفسها تهمة " لا.. أود أن أعرف عنك ومنك أمور كثيرة" </p>
<p>" أمرك غريب " قالت لها </p>
<p>" الرجال عادة هم الذين يبحثون وليس النساء " </p>
<p>اقتربت منها أكثر وهي تحرك قطعة الخشب تحتها .. صوتها .. حديثها .. هي كلها تزيد من جذوة نار الفضول ، تزداد رغبة في الاقتراب لمعرفة من تكون ، مم هي " </p>
<p>تباغتها بسؤال " ألست خائفة الآن؟" </p>
<p>" نعم .. لا.. لا.. فأنا أعلم أنك لا تؤذين النساء .. فقط الرجال لذلك أتيت " </p>
<p>ضحكت بصوت عال وسرعان ما اختلط صوتها بانفجار الرعد الذي اهتزت له الغرفة المتهالكة .. يرتعش قلبها في أعماقها كطائر صغير تائه في ليلة مطيرة.. لا يقوى على الطيران بريشه المبلل .. أحست ببرودة شديدة .. بلعت ريقا جف في حلقها وقالت بصوت متردد </p>
<p>" هل أنت هي؟" </p>
<p>" هي .. من تقصدين؟" </p>
<p>" اقصد .. اقصد " </p>
<p>" ها .. تقصدين .. أم الدويس .. نعم أنا هي " </p>
<p>تنظر إليها .. صوتها الدافئ يبعث الشجاعة في عروقها .. تردد لنفسها " هذه المرأة .. بشكلها المثير للشفقة والاشمئزاز .. هي أم الدويس " </p>
<p>تمعن النظر .. إلى وجهها .. صدرها .. ساقيها الممتدتان على الحصير .. ملابسها الرثة .. وبعد تردد تقول " أنت امرأة عادية" </p>
<p>" لا.. لست امرأة عادية .. بل أقل من ذلك .. انظري إلي .. وتمعني في ملامحي " </p>
<p>تحاول أن تميز ملامحها .. يومض البرق .. تسري الرعشة في أطرافها .. تعود إلى الخلف خائفة .." ما بك " تسألها المرأة .. </p>
<p>فتجيب بعد تردد قصير " لاشيء .. أنت . أنت ما بك؟.. هل أنت مريضة .. هل تعرضت لحرق أو .." </p>
<p>تقاطعها " لا.. هذه أنا .. وهذا هو وجهي .. هذا هو شكلي " </p>
<p>فتقول الأخرى" ولكن .. يتناقل الناس عنك حديثا لا ينتهي .. ضياء في وجهك .. عيناك الصافيتان .. رائحة عطرك وشذاك .. الذي تنقل النسائم عبر الحواري والأزقة .. تلتقطه الأنوف فتسلب الألباب .. وكلما صددت عن الرجال .. ازدادوا إصرارا على متابعتك .. و " قاطعتها بحدة " يكفي .. هذا كله هراء .. هاأنا أمامك .. هيا .. انظري إلي ما ترين ؟" </p>
<p>" ولكن " </p>
<p>" لا تقولي .. ولكن .. هيا تقدمي وانظري إلي " </p>
<p>" لكن الرجال الذين لم يتبعوك قالوا عنك ذلك ...وأما الرجال الذين أغويتهم .. فأنت " </p>
<p>تقاطعها بنفس الحدة " لم أقتلهم .. ولم اخطفهم .. هم الذين يجرون وراء الأوهام" </p>
<p>تزدرد ريقها بصعوبة بعد أن تطايرت جوانحها هلعا " أتقولين وهم ؟" </p>
<p>" نعم .. وهم .. كل يضيف إلى شخصي ما يريد .. لوحة لم يكملها الرسام .. وكل يضيف مايعحبه .. الكل يراني كما يريد وليس كما أنا . حين يرونني في الأزقة المظلمة .. أكون كما تريني الآن .. ولكنهم يعمون عن ذلك .... هيا قولي ما تشمين الآن " </p>
<p>لا تجيب .. فعقلها مشغول بترجمة ما سمعت فتكمل الأخرى" أتعرفين ما تشمين ؟.. رائحة المطر بعد أن يتخلل الجدار النتن .. رائحة المياه المختلطة بالأوحال وبقايا الكلاب والقطط الضالة .. انظري حولك وتفحصي هذه الغرفة الحقيرة.. رائحة هذا المكان هو رائحتي .. وتقولين عطر .. أي عطر هذا " </p>
<p>تقول لها بصوت واهن " ولكن كيف يشم الرجال رائحة عطرك الفواح" </p>
<p>أجابتها بهدوء " كما قلت لك .. كل شيء في خيالهم المريض .. وحين يأتي أحدهم .. ليس لأني طلبت منه .. بل لأنه هو يريد ذلك ..يفسر وقفتي بأنها دعوة صامتة .. نظراتي بأنها إيماءة مني لأثير رغبته .. أي حركة أو لفتة .. هي دعوة مني له " </p>
<p>يبدأ الفضول ينمو مرة أخرى " ولكن .. لم كل هذا الحديث عنك ؟" </p>
<p>تقول بمرح " أتصدقين أن من يتحدث عني بهذه المبالغة .. هن النساء وليس الرجال .. كل من فقدت أحدا .. أخذته أم الدويس .. كذبة صغيرة وكما يكبر الناس كبرت على مدى الأيام.. وحملت الكثير من الصفات غير الحقيقية " </p>
<p>" هل تقتلينهم ؟؟ " </p>
<p>تجيب بملل " هاأنت تعودين من حيث أتيت .. ما بك تهتمين بهذه النقطة يا عزيزتي أنا لا أقتل أحدا ... وان كنت فقدت أحدهم فلست بقاتلته .. أف .. " </p>
<p>يعم السكوت المكان .. إلا من صدى تساقط حبات المطر الخفيفة على وعاء معدني قديم .. </p>
<p>" اسمعي .. حين يقترب مني أحدهم .. يصدم أنه كان يتبع سرابا .. وأن الصورة التي رسمها عنده هو فقط .. عندئذ تتبخر الهالة التي يكون قد رسمها لنفسه .. يصبح عاريا أمامها .. ويأبى العودة .. حتى لا يرى الآخرون نفسه عارية كما رآها هو" </p>
<p>تقف وتنفض المياه عن نفسها وتتجه خارجة من الغرفة " هيا .. توقف المطر .. عودي إلى منزلك.. وابحثي عن غائبك في مكان آخر " </p>
<p>تصلح من شأن عباءتها .. كادت خيوط النور أن تغزل إضاءة الفجر .. تخرج متعثرة بالأوحال التي علقت بعباءتها وثوبها .. ترتجف يداها محاولة الإمساك بالعباءة مانعة إياها من التزحزح عن رأسها .. يصطدم بها أحد الرجال .. يتركها مهرولا إلى نهاية الزقاق .. تلتفت وراءها فتجد المرأة تقف بنفس الهيئة المزرية .. تستنشق الهواء .. تملأ رئتيها باحثة عن عطر .. تهز رأسها أسفا " لا عطر .. رائحة المياه المختلطة بالأوحال وقاذورات الزقاق " تطارد الرجل بعينيها .. تبتسم بمكر وتكمل طريقها </p>
</body>
</text>
</tei.2>

