﻿<?xml version="1.0" encoding="utf-8" ?>
<tei.2>
<teiHeader id="S23">
<fileDesc>
<titleStmt>
<title> النخلة وعباد الشمس </title>
<author> سارة النواف </author>
<respStmt><resp>compiled by</resp>
<name>Latifa Al-Sulaiti</name></respStmt>
</titleStmt>
<publicationStmt>
<publisher> Bahrain Press </publisher>
<pubPlace> Bahrain </pubPlace>
<date>2002</date>
</publicationStmt>
<sourceDesc>
<p>created in machine-readable form in http://www.ArabicStory.net</p>
</sourceDesc>
</fileDesc>
<encodingDesc>
<projectDesc>
<p>Texts collected for use in the
    Corpus of Contemporary Arabic project, June, 2003</p>
</projectDesc>
<samplingDecl>
<p>Whole text of 1096 words copied from the site</p>
</samplingDecl>
</encodingDesc>
<profileDesc>
<creation>
<date value="1992-08">August 1992</date>
<rs type="city">Dubia, UAE</rs>
</creation>
<langUsage>Arabic</langUsage>
<textClass>
<textDesc n="novel">
<channel mode="w">print; written</channel>
<constitution type="single"/>
<derivation type="original"/>
<domain type="art"/>
<factuality type="fiction"/>
<interaction type="none"/>
<preparedness type="spontaneous"/>
</textDesc>
<particDesc>
<person id="P1" sex="F" age="mid">
<birth date="1944-01-12">
<date>12 Jan 1944</date>
<name type="place">Dubia, UAE</name>
<nationality>=Imarati</nationality>
</birth>
<firstLang>Arabic</firstLang>
<langKnown>Unknown</langKnown>
<residence>Long term resident of UAE</residence>
<education>University postgraduate</education>
<occupation>Unknown</occupation>
</person>
</particDesc>
</textClass>
</profileDesc>
</teiHeader>
<text>
<body>

<p>تقف عند الباب الداخلي للفيلا .. تنظر إلى السماء .. شمس الظهيرة الحارقة تلهب الأرض .. فتجف وتجف .. حتى تتشقق .. تنظر إلى حديقة المنزل .. أصفر لون العشب الذي كان أخضرا رائعا .. شجيرات الورد الصغيرة .. ذابلة محدودبة الظهر .. تبحث عن ظل تحتمي به .. كأنها تستجير بالأرض من الشمس .. كل الشجيرات .. ماعدا عباد الشمس .. هذه النبتة التي تبحث عن الشمس فتتجه إليها رافعة رأسها .. شامخة .. مثل شخص أنجز عملا عظيما يرفع رأسه ليواجه الجماهير ويحييهم بكل فخر وغرور .. ومع أنها عادية إلا أنها تختلف عن بقية الأشجار في هذا البحث عن الشمس والاتجاه إليها .. تنهدت بعمق .. تتقدم منها والدتها " ما بك ؟؟ فيم تفكرين يا ابنتي ؟" </p>
<p>تجيب والحسرة تتردد كصدى في صوتها " لاشيء يا أمي .. لاشيء" </p>
<p>تنظر إليها أمها .. ترى ابنتها تتألم أمامها .. وتلمح الهم يسكن عينيها .. تحس حزنا مكبوتا ينهش قلبها وكيانها .. حزن لا تقوى الجبال على حمله .. لكنها لا تظهر شيئا لأحد ولا تفصح عن هم .. </p>
<p>" يا ابنتي .." تبادرها " أما يكفي هذا .. كل هذا الشرود . وهذا الحزن .. يقول أخاك إن زوجك رجل تفكيره تافه .. أرجوك لا تحزني يا ابنتي " </p>
<p>تنظر إلى أمها " يا أمي .. ليس الحزن رداء ألبسه وأخلعه متى أشاء .. لو كان الحزن جزءا محسوسا من جسمي لبترته .. لكنه سكن دمي .. وعقلي " </p>
<p>تكاد الأم أن تيأس من محاولة إخراج ابنتها مما هي فيه " يا ابنتي .. كل شيء بيد الله فلا تيأسي من رحمته " </p>
<p>يأتي إليها أحد أحفادها لاهثا " جدتي .. جدتي .. أبي يريد قلع النخلة الكبيرة" ويكمل " النخلة الكبيرة التي في زاوية المنزل" </p>
<p>تعلق غاضبة " هل جن أبوك؟.. لو كان يريد قلعها فهو فعلا مجنون " </p>
<p>يركض الصبي عائدا من حيث أتى .. تتجه الأم إلى حيث أشار .. مسرعة تستعجل خطاها لتصل قبل حدوث شيء .. تنادي بصوت عال " علي .. علي ... ما الذي تفعله هناك " </p>
<p>يفاجأ علي بأمه ولا يكاد يستوعب الموقف حتى يجدها واقفة أمامه .. ممسكا بالفأس وقد حفر جزءا بسيطا من التربة تحت النخلة .. ما الذي يمكنه قوله .. أو فعله .. تنظر إليه بغضب .. يبتسم لها ابتسامة صفراء بعد أن ينظر إلى ابنه منذرا له بالعقاب القادم .. لا يعرف كيف يوضح الأمر لأمه .. يجمع الكلمات في نفسه .. وما يكاد ينوي نطقها حتى تتبعثر مرة أخرى .. تتقدم مريم وتقف غير بعيد تراقب الموقف .. لم يتنبه أحد لها .. فالأم غاضبة .. والابن في حال يتمنى أن لا يكون فيه .. والأحفاد ينتظرون هل سيعاقب أبيهم كما هو يعاقبهم . </p>

<p>" ما الذي تفعله ؟؟" </p>
<p>" ها .. أردت .. أردت أن " </p>
<p>" ماذا أردت .. تكلم " </p>
<p>" أردت .. أردت أن أقلع النخلة " قالها كمن يرمي حجرا بعد تردد </p>
<p>" ولم تريد قلعها " </p>
<p>أجابها " لأنها .. لأنها " </p>
<p>تقاطعه " لأنها ماذا .. هل هي ثقيلة عليك ؟.. أم أنها تأخذ مكانا هاما في المنزل .. انظر إنها في زاوية الحديقة " </p>
<p>يقول بصوت به شبه شجاعة " يا أمي .. لا فائدة منها " </p>
<p>فتكمل " وهل زرعناها لفائدة وغرض " </p>
<p>" يا أمي .. اسمعيني بهدوء .. لنناقش الموضوع .. كم عمر هذه النخلة " </p>
<p>لا تجيب الأم بل يبدو عليها الضيق فيحاول مرة أخرى " يا أمي .. كم عمرها " </p>
<p>تفكر الأم مليا ثم تقول " هذه النخلة زرعها والدك حين كان أخوك عمار في التاسعة من عمره " </p>
<p>التقط الخيط " حسنا .. وكم عمر أخي الآن ؟" </p>
<p>" وما أدراني .. كبرتم وأصبحتم رجالا .. ولم أعد أحسب أعماركم .. ولا أعرف عن أموركم شيئا " </p>
<p>تجاهل تعليقها الأخير وقال " أنا سأخبرك .. أخي عمره الآن خمس وعشرون عاما .. بمعنى أخر أن هذه النخلة عمرها ستة عشر سنة " </p>
<p>فقالت الأم بعصبية " ما الذي يضايقك في عمر الشجرة .. فلتكن مائة عام " </p>
<p>أكمل علي " ليس العمر يا أمي .. اسمعيني .. هذه النخلة زرعناها منذ ستة عشر عاما .. هل أكلت شيئا من ثمرها ؟؟ .. طبعا لا .. إذن .. لم .. اخبريني أنت " </p>
<p>قالت الأم " لأنها لم تثمر " </p>
<p>" هاأنت قلتها بنفسك .. لم تثمر .. كل أشجار النخيل أثمرت إلا هذه " </p>
<p>اعترضت " يا ابني أعلم هذا .. ولكنها من أحسن الفصائل " قال علي " ليس مهما النوع إذا لم يكن هناك ثمر .. ما الفائدة إذن " </p>
<p>قالت الأم في شبه استسلام " ولكنها من ذكرى المرحوم والدك .. اتركها يابني قد تثمر يوما ما " </p>
<p>يقول علي معلنا شبه انتصار " إن كان بها ثمر لأثمرت .. يا أمي لا فائدة منها .. سأقلعها وأرميها .. وأزرع عوضا عنها نخلة مثمرة .. أو شجرة تين .. أو حتى عباد الشمس " </p>
<p>نظر إلى أمه ثم أكمل بحماس " اتركيني لأكمل عملي .. فالنخلة التي لا تثمر .. لا فائدة منها .. نرميها " </p>
<p>تبتعد عنه الأم متبرمة .. يضرب الأرض بكل قوته .. مرة .. مرتين .. يرفع الفأس ليضرب .. يفاجأ بأخته مريم تقف أمامه .. يقول لها " لم أكن أعلم أنك هنا .. ظننتك نائمة" </p>
<p>تنظر إليه .. تحكي عيونها الكثير من الألم والحزن والمعاناة .. والكثير من المفاجأة بما قاله .. يسألها بتردد </p>
<p>" ما بك يا عزيزتي .. لم تنظرين إلي هكذا " </p>
<p>العجز الذي يعتريها .. يمنعها حتى عن التفوه بكلمة .. كل ما تريد قوله يصبح دموعا مالحة كمياه البحر .. كملوحة الحياة وجفاف أرضها .. كغيومها الشحيحة بمطرها .. والتي لا تحجب عنها أشعة الشمس النارية .. وحيدة بصحرائها المترامية الأطراف .. وهل هناك من يتقبلها بصحرائها .. هاهي الآن .. تقف أمام أخيها كالنخلة التي يود قطعها .. تود البوح بما في نفسها من غضب ولكن .. الغصة في صوتها تجعل كلماتها غير مفهومة . </p>
<p>تقول له وكل ذرة في كيانها تتحدث " وهل تملك النخلة حيلة ؟؟.. وهل أملك أنا حيلة؟؟" </p>
<p>وقبل أن يفهم شيئا مما قالته تتركه متجهة إلى المنزل .. تتبعها الأم بعد أن تنظر إلى ابنها نظرة غضبى .. وهو ذاهل ..لا يفهم ما الأمر .. .. ثم .. كمن تذكر شيئا أو فهمه بعد فوات الأوان .. يعض على لسانه كأنه يود قطعه مرددا لنفسه بصوت عال " يا الهي .. ما الذي قلته .." </p>
<p>يرمي الفأس أرضا ويتجه إليها مناديا " مريم .. انتظري .. أنا كنت اقصد النخلة .. نعم اقصدها .. هناك اختلاف .. اختلاف كبير" </p>
</body>
</text>
</tei.2>


