﻿<?xml version="1.0" encoding="utf-8" ?>
<tei.2>
<teiHeader id="S24">
<fileDesc>
<titleStmt>
<title> شوال التَّمْر</title>
<author> أحمد يوسف عقيلة </author>
<respStmt><resp>compiled by</resp>
<name>Latifa Al-Sulaiti</name></respStmt>
</titleStmt>
<publicationStmt>
<publisher> الدار الجماهيرية للنشر والتوزيع والإعلان / مصراتة </publisher>
<pubPlace> Libya </pubPlace>
<date>1999</date>
</publicationStmt>
<sourceDesc>
<p>created in machine-readable form in http://www.ofouq.com</p>
</sourceDesc>
</fileDesc>
<encodingDesc>
<projectDesc>
<p>Texts collected for use in the
    Corpus of Contemporary Arabic project, June, 2003</p>
</projectDesc>
<samplingDecl>
<p>Whole text of 1287 words copied from the site</p>
</samplingDecl>
</encodingDesc>
<profileDesc>
<creation>
<date value="1992-08">August 1992</date>
<rs type="city">Tarablus, Libya</rs>
</creation>
<langUsage>Arabic</langUsage>
<textClass>
<textDesc n="short story from the collection الخيول البيض ">
<channel mode="w">print; written</channel>
<constitution type="single"/>
<derivation type="original"/>
<domain type="art"/>
<factuality type="fiction"/>
<interaction type="none"/>
<preparedness type="spontaneous"/>
</textDesc>
<particDesc>
<person id="P1" sex="M" age="mid">
<birth date="1944-01-12">
<date>12 Jan 1944</date>
<name type="place">Tarablus, Libya</name>
<nationality>=Liyan</nationality>
</birth>
<firstLang>Arabic</firstLang>
<langKnown>Unknown</langKnown>
<residence>Long term resident of Bahrain</residence>
<education>University postgraduate</education>
<occupation>Unknown</occupation>
</person>
</particDesc>
</textClass>
</profileDesc>
</teiHeader>
<text>
<body>


<p> ( 1 )</p>
<p>ـ ماذا أفعل بشوالٍ من التمر..؟</p>
<p>ـ أهكذا تَستقبل هديتي..؟</p>
<p>ـ لم أقصد.</p>
<p>ـ كانوا أيام القوافل يستغرقون شهوراً كاملة للحصول على حفنة تمر من (سِيْوَة) .. حتى قالوا (التمر ما يجِيْبَنّه مراسيل) .. فاحمد ربَّك أنَّ التمر في هذه الأيام يأتيك من غير مراسيل.</p>
<p>ـ إنك تعلم بأنني أُحب التمر كثيراً .. لكنني قصدتُ أنَّ الكمية كبيرة.</p>
<p>ـ هذا يكفيك لسنةٍ كاملة .. ولا تَنسَ أنَّ الشتاء على الأبواب .. فالتمر هو أفضل ما يؤكل في الليالي الباردة .. وهذا ليس تمراً عادياً .. إنه معجون .. لا يُمكنك أن تجد فيه نواةً واحدة.</p>
<p>ـ صدقت .. لا شيء يبعث على الدفء أكثر من التمر.</p>
<p> ( 2 )</p>
<p>   ... كان ينظر إلى الشوال المتكئ على الجدار..</p>
<p>ـ توفُّر الشيء أكثر مما ينبغي .. يُشعرُكَ  بعدم الرغبة فيه.</p>
<p>أخذ يحكُّ رأسه..</p>
<p>ـ ماذا يُمكن للمرء أن يفعل بشوالٍ من التمر..؟</p>
<p>    ... أحضر حصيرة ناعمة .. طرحها على أرضية الغرفة .. ثم أفرغ فوقها الشوال.</p>
<p>ـ إنه هَرَم من التمر.</p>
<p>    ابتعد عن الكَومة قليلاً .. أخذ يتطلَّع إليها مُتأمِّلاً .. ابتسم .. ثم شرع يُشكِّل الكُتلة .. يأخذ من الأسفل ويضع في الأطراف .. يقطع من الأمام ويُلصِق في الخلف .. يدور حولها .. ينزع قطعةً من الوسط ويجعلها في الأسفل .. يدور .. يدور .. حتى حلول المساء.</p>
<p>    أشعل المصباح .. ألقَى نظرةً فاحصة على مخلوقته.</p>
<p>ـ أنتِ في حاجةٍ إلى شيء من البروز عند الصدر .. فأنا لا أُحبُّ النهدين الممسوحَين .. كما أنني لا أُطيق خصراً كجذع البَلُّوطة.</p>
<p>... أخذ من الخصر إلى الصدر.</p>
<p>ـ لا بأس .. لكنَّ الساقين في حاجةٍ إلى شيءٍ من الاستدارة .. ليس أمامنا سوى المُؤخّرة لنأخذ منها .. فالخلفيات المُكتظَّة تُفسِد التناسق.</p>
<p>    دار حولها دورةً أخيرة..</p>
<p>ـ مُدهِش .. كما أُريد .. كما أشتهي .. جسد يجمع بين اللمعان الحلاوة .. إنها رَبَّة التمر .. رَبَّة الجمال .. فينوس .. لا .. فينوس خُلِقت من زَبَد البحر .. لا شكَّ أنها مالحة .. أمَّا آلهتي هذه فهي تقطر حلاوة .. أشعر بسعادة مُخيفة .. في بعض الأحيان يجتاحنا إحساس بالسعادة إلى درجة الخوف..!</p>
<p>     أَحسَّ بالحرارة تشتعل في جسده .. اتَّجه نحو النافذة.. </p>
<p>ـ أنا عبدتُك يا مولاي .. ولستُ رَبَّتك.</p>
<p>    استدار فجأة .. اتسعت عيناه من الخوف والدهشة .. الجمال .. اللمعان .. التوتر .. الغنج .. السحر الجاذب .. نظر إلى الأسفل .. إلى القدمين الصغيرتين فوق الحصيرة الناعمة .. صَعَّد نظره ببطء .. يتملَّى الجسد البَضّ.</p>
<p>ـ مولاي.</p>
<p>    اتَّجه نحوها .. ضَمَّها .. احتواها .. أَحسَّ بأنها تذوب بين ذراعيه .. بدأت يداه تَذْرَعان كل مساحات جسدها .. تجوبان تلك التخوم العذراء .. استغرقتْه دهشة الاكتشاف.</p>
<p> ( 3 )</p>
<p>   ... أفاق .. أخذ ينظر إليها عن بُعد..</p>
<p>قالت وهي تلفُّ شَعرها حول عنقها:</p>
<p>ـ لقد أرهقتَني يا مولاي.</p>
<p>ـ كُفِّي عن ترديد هذه الكلمة.</p>
<p>ـ هل أقول لك : يا سيدي..؟</p>
<p>ـ أنا أكره هذه النغمة .. أنا لستُ مولاكِ .. فلماذا تحشرين العبودية في أمرٍ كهذا..؟</p>
<p>انحنت:</p>
<p>ـ لا حِيلة لي .. ألستُ صَنيعةَ يدك ..؟ صَنيعة مزاجك الخاص..؟</p>
<p>ـ قلتُ لكِ لا أُحبُّ هذه اللهجة .. أنتِ مخلوقة من التمر .. فوق .. في قمة النخلة .. بعيداً عن التراب .. فكان يجب أن تكوني شامخة كشموخ النخلة.</p>
<p>ابتسمت .. صفَّقت:</p>
<p>ـ إنك تُجيد الخَطَابة يا مولاي..!</p>
<p>ـ ليتَكِ بقيتِ تمراً كما كنتِ.</p>
<p>ـ لماذا..؟</p>
<p>ـ التمر يجمع حسنتين .. لا تجتمعان في غيره .. الحلاوة .. والصمت..!</p>
<p>ـ عليك أن تتحلَّى بصبر (شهريار) .. فقد احتمل ثرثرة امرأة ألفَ ليلةٍ وليلة.</p>
<p>ـ لا تُسمِّي الأشياء بغير أسمائها .. (شهرزاد) لم تكن تُثرثر .. إنها المرأة الوحيدة التي استطاعت أن تُعيد الثقة والتوازن إلى نفس (شهريار) .. كوني مثلها وسأُنصت لكِ بكل جوارحي حتى يُدركنا الصباح.</p>
<p>   ... استدار ناحية الباب..</p>
<p>ـ إلى أين..؟</p>
<p>ـ لا شأنَ لكِ.</p>
<p>ـ إلى مَن تتركني..؟</p>
<p>صرخ:</p>
<p>ـ سئمتُ ثرثرتكِ .. مَن تظنِّين نفسكِ ..؟ لم يتغيَّر فيكِ شيء .. حتى الفراشة نسيت أنها كانت دودة .. حطَّمت شرنقتها .. وحلَّقت .. أنتِ لم تتخلَّصي من عُقدة الشوال .. لازلتِ مُجرَّد شوالٍ من التمر .. شيء يبعث على الدفء في الليالي الباردة .. لكنني الآن أشعر بحرارةٍ خانقة.</p>
<p>   قال ذلك .. وخرج .. صافِقاً الباب وراءه..</p>

</body>
</text>
</tei.2>

