﻿<?xml version="1.0" encoding="utf-8" ?>
<tei.2>
<teiHeader id="S31">
<fileDesc>
<titleStmt>
<title>   حكايات شعبية من تراث الأمريكيين الأفارقة </title>
<author>ترجمة: أحمد صالح شافعي  </author>
<respStmt><resp>compiled by</resp>
<name>Latifa Al-Sulaiti</name></respStmt>
</titleStmt>
<publicationStmt>
<publisher> Ministry of Information, Kuwait </publisher>
<pubPlace> Kuwait </pubPlace>
<date>2003</date>
</publicationStmt>
<sourceDesc>
<p>created in machine-readable form in http://www.alarabimag.com</p>
</sourceDesc>
</fileDesc>
<encodingDesc>
<projectDesc>
<p>Texts collected for use in the
    Corpus of Contemporary Arabic project, June, 2003</p>
</projectDesc>
<samplingDecl>
<p>Whole text of 2539 words copied from the site</p>
</samplingDecl>
</encodingDesc>
<profileDesc>
<creation>
<date value="2003-08">August 2003,Issue no 537 </date>
<rs type="city">Safat, Kuwait</rs>
</creation>
<langUsage>Arabic</langUsage>
<textClass>
<textDesc ana="literature">
<channel mode="w">print; written</channel>
<constitution type="single"/>
<derivation type="translated"/>
<domain type="Arts"/>
<factuality type="fiction"/>
<interaction type="none" active="singular"/>
<preparedness type="prepared"/>
<purpose type= "entertain"/>
</textDesc>
<particDesc>
<person id="P1" sex="M" age="Unknown">
<birth date="Unknown">
<date>Unknown</date>
<name type="place">Unknown</name>
<nationality>=Unknown</nationality>
</birth>
<firstLang>Arabic</firstLang>
<langKnown>Unknown</langKnown>
<residence>Unknown</residence>
<education>Unknown</education>
<occupation>Unknown</occupation>
</person>
</particDesc>
</textClass>
</profileDesc>
</teiHeader>
<text>
<body>

   <p>هذه طائفة من الحكايات التي ابتدعتها مخيلة واحد من أثرى شعوب الأرض تجربة وأكثرها معاناة, أعني الأفرو أمريكيين, أو الأفارقة الأمريكيين الذين اختطفهم مستعمرو العالم الجديد وأخذوهم عبيدا إلى تلك البقعة من الأرض التي نعرفها اليوم باسم أمريكا. هؤلاء الأفارقة الذين لم يتركوا في قارتهم الأم شيئا إلا وحملوه خبيئة في أرواحهم.. الموسيقى والإيقاع, الأوثان والأديان, الأساطير وحكايا الجدات, ومن هذا المزيج النادر صيغت حكايات وصممت رقصات وتطورت موسيقى وكان إسهام للإنسانية إليكم بعضا منه.</p>
<p>ابنة جوز الهند</p>
<p>          ذات يومٍ, كانت هناك بلدة فيها شجر جوز الهند في كل مكان. لم يشعر أهلها قط بالجوع, فقد كان هناك دائما جوز الهند إن لم تكن المحاصيل الأخرى جاهزة للحصاد. وكان لملك هذه البلدة من شجر جوز الهند أكثر مما لأي أحد سواه, كما كان له سبع زوجات, ولكن أيا منهن لم تكن قادرة على الإنجاب.</p>
<p>          كان الملك مهموما طوال الوقت بعدم وجود بنات له ولا بنين. وكان يسأل نفسه ويكثر من سؤالها (من سيحكم المملكة بعد رحيلي?).</p>
<p>          وذات عام, جاء محصول جوز الهند وفيرا بصورة ملحوظة. فعصر خدم الملك نصيبه منه لاستخلاص الزيت, وملأوا به صهريجا كبيرا. لم ير الملك صهريجه بمثل هذا الامتلاء قط, ولكنه لم يكن سعيدا. فقد كان محصول كل عام ينصرم يذكره بأنه يكبر وأنه بلا وريث.</p>
<p>          ساجداً على الأرض جنب الصهريج, أخذ الملك يدعو أن يوهب طفلا. وراعه أن يسمع من الصهريج صوتا.</p>
<p>          (أبي, ساعدني أخرج من هذا الصهريج, إنني ابنتك).</p>
<p>          رفع الملك رأسه فرأى فتاة جميلة الملبس وادعة العينين قذفت بسمتها في قلبه السرور. لقد تحول الزيت إلى هذه الفتاة. ولم تتبق منه قطرة ولكن الملك لم يكترث وسماها نياراجي أي (الجميلة). وخصص لها الخادمات يقدمن لها الطعام لتأكل ويرعينها. وبنى رجال الملك لها منزلا, ولكن الملك نهاهم عن بناء مدفأة فيه. نياراجي مخلوق من الزيتون كان الملك يخشى أن تهلك لو تعرضت للنار. كانت نياراجي ابنة مثالية فتن بها كل من عرفها, وعرف الشعب أن المملكة ستكون بين أيد أمينة حتى بعد رحيل ملكهم الحبيب.</p>
<p>          وجاء الشتاء, وكان الملك في رحلة, والبرد قارساً في القرية. وكل واحد لديه نار إلا نياراجي التي لم تفلح أفضل أثوابها في منحها الدفء اللازم. ورغم أن الملك قال لها ألا تقرب النار إلا أنها فكرت أنه لا ضرر من الاقتراب من نار قليلة, للاستدفاء ولو قليلا. لم تكن الخادمات ساهرات عليها. كن متحلقات كل واحدة جنب نارها. كانت نياراجي تعرف أن في المطبخ دائما ناراً قليلة, حتى وهو خالٍ في آخر الليل. تسللت إلى المطبخ وأقبلت على دفء النار. أخذت تقترب قليلا قليلا من النار وهي تقول لنفسها إنها لن تضرها. هبّ الملك من نومه مفزوعا شاعرا أن خطرا يحيق بابنته فهرع ورجاله عائدين إلى القرية بأسرع ما استطاعوا, ونياراجي لم تُرَ بعد ذلك أبدا. </p>
<p>لماذا يطير الخفاش ليلاً?</p>
<p>          منذ زمن بعيد, لا يذكر أحدٌ لماذا نشبت حرب بين الحيوانات والطيور. لم يستطع الخفاش أن يقرر إلى أي فريق ينضم. وفيما كان الخفاش يراقب, بدا أن الطيور في طريقها إلى النصر, فطار باتجاه جانب الطيور.</p>
<p>          سألته الطيور (ماذا تفعل هنا? إنك لست طائراً), قال الخفاش (ألا ترون جناحيَّ?) فَقَبِلته الطيور. ولسوء حظ الخفاش, كانت الطيور تتعرض لخدعة من الحيوانات. وفازت الحيوانات بالمعركة. طار الخفاش إلى حيث كانت الحيوانات.</p>
<p>          سألته الحيوانات (ماذا تفعل هنا? إنك لست حيواناً). قال الخفاش (ألا ترون أسناني?), وفتح فمه ليظهر أنيابه. ولكن الحيوانات طردته. ربما رأته بعض الحيوانات مع الطيور. ورأته الطيور عائدا من عند الحيوانات فلم يسمحوا له بالرجوع.</p>
<p>          لا أحد اليوم يرحب بالخفاش. ولا يزال يختبئ عن العيون نهاراً, ولا يطير إلا حينما يخفيه الظلام. </p>
<p> </p>
<p>لماذا تعيش الشمس دائماً في السماء?</p>
<p>          كان البحر يعيش دائما في المنخفضات, كالوديان مثلا, ولكن الشمس لم تكن تعيش في السماء, وإنما على قمة جبل كانت تعيش. وكانت والبحر صديقين حميمين. تنزل الشمس من بيتها لزيارة البحر وكانا يستمتعان دائما بالأوقات التي يقضيانها معا. وكانت الشمس تدعو البحر لزيارة بيتها على قمة الجبل, ولكن البحر لم يكن يلبي الدعوة قط.</p>
<p>          وبعد مدة حزنت وألمّ بها غضب قليل. فنادت على البحر قائلة (لماذا لا تجيء لتراني كما أراك? صحيح, أنت أكبر مني بكثير, ولكن ألا تظنني مضيافة? إن عندي طعاما وفيرا لك. وسوف أهيئ مكانا يسعك هنا على قمة الجبل).</p>
<p>          أجابها البحر (يا صديقتي, أخشى أن أغرقك, إنني واسع وعميق. وإنني صديقك وأفضِّل أن أكون في خدمتك عن أن آتي بفعل قد يلحق بك الأذى).</p>
<p>          أصرت الشمس أن يأتي البحر لزيارتها, ووافق البحر في النهاية. أخذت الشمس تراقب البحر يعلو حول الجبل. وسرعان ما أوشك البحر أن يغمر الجبل. ولكن الشمس كانت عزيزة النفس فلم تعترف بأن بيتها لا يمكن أن يشمله البحر, فتركت البحر يواصل صعوده. وسرعان ما غمر البحر جبل الشمس والجبال الأخرى, جميعا, وكان على الشمس - عزيزة النفس - أن تقفز إلى السماء التي لا يستطيع البحر أن يبلغها. عاد البحر إلى بيته, وبقيت الشمس في السماء. لم تعد إلى قمة الجبل. </p>
<p>الوليمة</p>
<p>          قرر حاكم موسر ذات يوم أن يولم لشعبه وليمة. وبلغ نبأ الوليمة الجميع ومعه اليوم المحدد لإقامتها. وعُهد إلى كل أسرة بإحضار إناء من عرق البلح على سبيل فتح الشهية.</p>
<p>          وفي يوم الوليمة, كان لدى الحاكم أنواع عديدة من الأطعمة. لم يسمع أحد بوليمة أضخم مما ستكون عليه هذه الوليمة. ولكن كان هناك رجل ليس لديه عرق ليحضره, فاقترحت عليه زوجته أن يشتري بعض العرق من صديق له لديه وفرة منه. لكنه - بدلا من ذلك - رأى أنه لو أحضر قنينة ماء بدلا من قنينة عرق, فلن يلاحظ أحد الفارق ما دامت كل القنينات سوف تُصَبُّ في صهريج كبير واحد. هكذا ذهبت الأسرة إلى الوليمة, وتوقف أفرادها في طريقهم عند ينبوع ملأوا منه قنينتهم بالماء.</p>
<p>          وحين بلغوا مكان الوليمة رأى الرجل رتلاً من الناس يحمل كل منهم قنينته. اندرج في الرتل. وحين حان دوره, صب الماء في الصهريج الكبير الذي صب الجميع فيه عرقهم. (لن يلاحظ أحد الفارق. كيف لأي واحد أن يميز أن واحدة من الأواني كانت ممتلئة بالماء?).</p>

<p>          جلس الجميع في مكانهم المحدد. وأُعطي كل منهم كأساً وأمر الحاكم بملء الكئوس. كان يوما حارا والناس متعطشين لعرق البلح البارد. وأخيرا أعطيت الإشارة ببدء الشرب. رشف الناس من كئوسهم, ونظروا نظرة, حائرة, ثم رشفوا رشفة ثانية. ثم عبس الحاكم.</p>
<p>          لقد واتت الجميع الفكرة نفسها. توقفوا جميعا لدى الينبوع نفسه. ولم تُصب في صهريج الحاكم ولا قطرة من عرق البلح, ولكن كثير من مياه الينبوع.</p>
<p>قرعة الغيلم (1)</p>
<p>          كان الغيلم معروفا بأنه أحكم الحيوانات. يحج إليه الزوار قاصدين حكمته, ويقدمون له الهبات والهدايا. وكان الغيلم من الحكمة بحيث كان يريد المزيد من الحكمة. فقرر أن يجمع حكمة الدنيا كلها ويحتفظ بها لنفسه في يقطينة عميقة أو قرعة, ويعلق القرعة على شجرة ليحفظها.</p>
<p>          قضى الغيلم وقتا طويلا يجوب العالم جامعا كل ما يوجد من حكمة ويملأ بها قرعته. وحين لم يجد المزيد ربط القرعة حول عنقه وعثر على شجرة رأى أنه يستطيع أن يصعدها. وكلما حاول أن يصعد الشجرة كانت القرعة تحول بينه وبين جذع الشجرة فيسقط. حدث هذا مرات كثيرة.</p>
<p>          مر رجل ورأى الغيلم. قال الرجل (لم لا تعلق القرعة على ظهرك, فلا تقف في طريقك?).</p>
<p>          وفعل الغيلم, واستطاع أن يصعد الشجرة. وقبل أن يعلق القرعة في غصن, رأى كم كان أحمق, برغم كل ما لديه من حكمة في قرعته. وأدرك أن الرجل ما كان ليظهر حكمته, إلا إذا كان الغيلم قد ضل الطريق إلى بعض منها خلال سفراته.</p>
<p>          يائسا من الحصول على الحكمة كلها, كسر الغيلم اليائس قرعته تاركاً الحكمة ترتد ثانية إلى الدنيا.</p>
<p>لماذا يوجد نهار وليل?</p>
<p>          أتى على الناس حين من الدهر لم يكن فيه ليل أو نهار.ليس سوى ضوء يكفي ليرى الناس, ولكنه ضوء لا يتغير.</p>
<p>          وفي ذلك الزمان, كانت هناك قرية كل نسائها لديهن أطفال إلا واحدة, كانت تريد أن تنجب بشدة, ولم يكن بيدها إلا أن ترنو إلى الزوجات الأخريات وهن ينجبن المزيد من الأطفال.</p>
<p>          كن يغظنها ويشتمنها, ويقلن الواحدة للأخرى إنها لا بد شريرة. ويقلن لها في وجهها وهي تبكي (لا بد أنك امرأة فظيعة لتنالي مثل هذا العقاب). أما هي فكانت تعرف أنها ليست أسوأ من سواها.</p>
<p>          وأخيراً, سمعت عن مداوٍ يستطيع أن يجعلها حبلى بلمسة من راحة يده على بطنها. فقطعت إليه طريقا طويلة لأنه كان يعيش في أرض وراء سبعة تلال.</p>
<p>          وحين وجدته دعاها إلى بيته وسمع حكايتها, وقال في مودة: (أستطيع مساعدتك, لكن عليك أولا أن تنتظري قليلا. إنما أوهَب أطفالا لأجلبهم إلى الدنيا. ولكنني أعرف أي نوع من الأطفال سيكونون. وليس لديّ الآن إلا أطفال أشرار. ولا أجد سبباً لتحل عليك اللعنات بسبب طفل شرير. فانتظري إلى أن يوجد طفل طيب).</p>
<p>          لم تستطع المرأة أن تطيق انتظارا لا تعرف ولا يعرف المداوي كم سيبلغ طوله.فرجته قائلة (أي طفل خير من لا شيء). رأى لهفتها, ورأى أنها لن تدعه وشأنه قبل أن يساعدها, فرضي آسفا, ومرّر على بطنها راحة يده فأدركت على الفور أنها ستلد طفلا.</p>
<p>          هرعت إلى البيت فرحانة وسرعان ما أنجبت ولدا. كان سيئ الطبع يصعب إسكاته عن البكاء, لكنها رأت في حياتها أطفالا أسوأ منه, وكانت راضية به لدرجة أنها لم تنشغل بإنجاب غيره.</p>
<p>          كبر الولد كما يكبر الأطفال جميعا, لكنه كان يزداد شرا يوما بعد يوم. بدأ يقتل الحيوانات الصغيرة البائسة ويضايق الأطفال الآخرين. وحين كبر وصار شابا كان يستمتع بإيذاء الآخرين وإضفاء البؤس على كل من يحيطون به. وما من أحد - ولا والداه - كان يستطيع أن يغيره.</p>
<p>          وأخيراً, قرر الولد أن يقتل كل من يحاول تغييره. ذهب إلى ساحر وحصل منه على قوة سحرية, من بين خواصها الكثيرة أنه يستطيع بها أن يحمي نفسه بإحداث ظلام يختفي فيه عند الحاجة. وبدأ ممارسة عمله الشرير بأن قتل الساحر.</p>
<p>          أسرع عائدا إلى القرية وبدأ هجومه. كانت ثمة عجوز لديها هي الأخرى قوة سحرية حاربته بها. كانت قوتها تفضح الأعداء بإحداث ضوء باهر. كان يستخدم قوته في إحداث ظلام, وتستخدم قوتها بإحداث ضوء باهر. وهكذا, ظلام ونور, ونور وظلام, ظلا يمارسان سحرهما حتى ماتا.</p>
<p>          ولأن العجوز, والشاب الشرير, والسحر نفسه ماتوا جميعا, لم يعرف أحد كيف يسخر القوتين اللتين مازالتا تعملان إحداهما ضد الأخرى, متسببتين في الظلام, ثم النور.</p>


</body>
</text>
</tei.2>

